word,category
केंद्रों,neither
पॉवर,neither
तरक्की,nepali-only
मजा,nepali-only
मांजने,neither
संबन्धित,neither
संभावनाएं,neither
आगे,nepali-only
ज़ाद,neither
फ़त्तू,neither
रचते,neither
युग्म,nepali-only
महकमा,neither
ख़रीद-फ़रोख़्त,neither
स्वामी,nepali-only
पालिसी,neither
विनिवेश,neither
आकाशवाणी,nepali-only
सरपरस्तों,neither
निर्गुण,nepali-only
मल्टीनेशनल,neither
दोहरी,nepali-only
कार्यक्त्रम,neither
र्दज,neither
परिपेक्ष,neither
न्यूट्रालिटी,neither
एडस,neither
प्रदर्शनकारियों,neither
मंदी,neither
गुर्राती,neither
उठे,neither
अवज्ञा,nepali-only
एमबीपीएस,neither
सम्मलित,neither
सीओपीयू,neither
हिन्ट,neither
आईबी,neither
मारना,neither
पतंजलि,neither
अण्डमान-निकोबार,neither
हर्ष-उल्लास,neither
भाइयो,neither
बारां,neither
बनवायेंगे,neither
कहतें,neither
महाकुंभ,neither
संपूर्ण,neither
साहित्यिक,neither
असमय,nepali-only
सम्मेलनों,neither
तैनात,neither
मो,neither
स्थापित,nepali-only
पहुंचेगी,neither
निकलती,neither
देख्या,neither
फ़ायदा,neither
पांचांग,neither
वाली,nepali-only
निष्पादित,nepali-only
मधुर,nepali-only
खुर्द,neither
सामुदायिक,nepali-only
राई,nepali-only
समाचारपत्रों,neither
बीच,nepali-only
पहुंची,neither
जनसेवा,nepali-only
ओझा,nepali-only
छली,nepali-only
सवेरा,neither
रोका,neither
तासीर,neither
आओं,neither
उबल,neither
लतीफों,neither
मेघा,neither
स्ट्रेन,neither
उदासीन,nepali-only
रामकुमार,nepali-only
सुखाय,neither
निर्वाचित,nepali-only
पड़ेगी,neither
केंट,neither
गुणवत्ता,neither
बता,neither
बुलेटप्रूफ,neither
फाईलें,neither
नग्मों,neither
किशन,neither
चर्चित,nepali-only
कूटनीतिक,nepali-only
गला,nepali-only
घेराव,neither
अमीरी,nepali-only
जान-पहचान,neither
रोय,neither
टालने,neither
सैटल,neither
परंपराओं,neither
किलो,nepali-only
लगान,nepali-only
कोसों,neither
गिने-चुने,neither
सच-फ़रेब,neither
प्रयोगो,neither
सरिया,neither
थिंक,neither
सगुणवाद,neither
सौजन्य,neither
बापू,neither
ब्रह्मा,nepali-only
विशालता,neither
आबा,nepali-only
बेश,neither
नैदानिक,nepali-only
घुसता,neither
जोड़,neither
हट,neither
एसे,neither
बैठते,neither
रणनीतिक,neither
मुखिया,nepali-only
मुख्यतः,neither
ट्विट,neither
श्रद्धासुमन,neither
कन्धों,neither
एमिरिट्स,neither
लेट,nepali-only
शोर-शराबा,neither
रसुलपुर,neither
भाव-शिखर,neither
आऴधिक,neither
संपृक्त,neither
छत्तीसग़ढ,neither
नवयुवक,nepali-only
गुफाओं,neither
स्ट्रोक्स,neither
ख़त-कोरियर,neither
मुकाबले,neither
पीएसी,neither
आदरणीय,neither
घाटी।,nepali-only
ज़्यादा,neither
कर्नाटक,neither
बहराम,neither
तीन-चौथाई,neither
उनींदेपन,neither
गद्द्य,neither
पाउंड,neither
अरुंधती,neither
मुलायमसिंह,neither
कोसी,nepali-only
सूरमा,neither
दफा,nepali-only
बॉयोग्राफी,neither
खासकर,neither
लोकतंत्र,neither
सूरज,neither
सहायिका,neither
डिफरेंस,neither
सुराखों,neither
सावधानियां,neither
दौसेरस,neither
झटके,neither
ब्लोग-जगत,neither
शायरों,neither
लच्छी,neither
आईफोन,neither
ईश्वरत्व,neither
आशीर्वाद,nepali-only
धीरू,neither
कर्फ्यू,neither
नाईट,neither
रैंक,neither
बोमन,neither
तकियों,neither
राजनेता,nepali-only
समस्याएं,neither
ग्रंथि,neither
ड्रग्स,neither
छुटने,neither
अपलोड,neither
दिलाइये,neither
टाईम,neither
चुंबन,neither
सर्वोदयी,neither
टेन,neither
बेचैन,nepali-only
ग्रहों,neither
मुजगहन,neither
शिष्य,nepali-only
प्रवक्ता,nepali-only
बेचारे,neither
रुकी।,neither
फिजूलखर्ची,neither
चीख,neither
मिथक,neither
सट्टा,nepali-only
बस,nepali-only
बधाई,nepali-only
दिलाता,neither
पोंगी,neither
लगने,neither
लेखकों,neither
भेजी,neither
दीबो,neither
मेज,neither
प्रभावपूण्र,neither
थोडे,neither
समाजवाद,nepali-only
पूजन,neither
अवतीर्ण,nepali-only
चढ़ाई,neither
पहनने,neither
सुनी,neither
सुना,neither
टटोलने,neither
बटोरना,neither
फीसद,neither
गेस्ट,neither
उल्लिखित,nepali-only
क्रोध,nepali-only
ऑनलाइन,neither
दुहराया,neither
मारों,neither
पसीना,neither
आंकड़े,neither
बार्इक,neither
माँ,neither
दक्षिण-पूर्वी,neither
जमे,neither
सन्दर्भो,neither
गलतिया,neither
पेटी,nepali-only
रामानुज,neither
लैटर्स,neither
अध्यापकों,neither
कण,nepali-only
ला,nepali-only
व्यक्तियों,neither
जा।,nepali-only
गोहपारू,neither
क्षमा-पात्र,neither
कोलकाता,nepali-only
चलेंगी।,neither
चौहटन,neither
हिन्दुस्तान,nepali-only
श्रृंगार,neither
बिगड़,neither
कॉन्क्लेव,neither
मेल,nepali-only
कैदी,nepali-only
तनाव,nepali-only
खिलाड़ीयों,neither
शिशु,nepali-only
अण्णा,neither
परहेज़,neither
कवच,nepali-only
सबजोनल,neither
शब्बीर,neither
दंश,nepali-only
पकिस्तान,neither
पड़ाव,neither
दिखायें,neither
जयकिशन,neither
बूते,neither
एकजुट,nepali-only
वेबमास्टर,neither
मोज-मस्ती,neither
फ़िर,neither
अरबाज,neither
सफ़ल,neither
सुहाती,neither
प्रसाद,neither
पढाना,neither
दबदबा,nepali-only
अधिकारिक,neither
नवोदय,neither
दुष्कर,nepali-only
लायी,neither
दाखिले,neither
स्वदेश,nepali-only
मेम,neither
नजरें,neither
थोड़ी-थोड़ी,neither
साख,nepali-only
नेलकटर,neither
संवारा,neither
मिडकैप,neither
ब्राह्मण,nepali-only
चश्मा,neither
भाजपाईयों,neither
१९४६,numeral/punctuation
ह्रदय,neither
रिभु,neither
वाग्बाण,neither
मल्टीप्लेक्स,neither
वास्तविकता,neither
जाओगे,neither
होऊँ,nepali-only
एनजीटी,neither
फांसते,neither
निष्कासन,nepali-only
अमर,nepali-only
रुपया,neither
ठंडे,neither
पाँच,nepali-only
शक्तिपीठ,neither
डाउनलोड,neither
मासी।,nepali-only
पकड़-पकड़,neither
दोस्ती,nepali-only
घास,neither
नव-आगंतुक,neither
गिरोगे,neither
द्वन्द्वात्मक,neither
मछलियों,neither
फिसल,neither
छलांग।,neither
बि्रटिश,neither
समृद्धि,neither
जताया,neither
अनिवासी,neither
उलटे,neither
कॉलोनियों,neither
चचेरे,neither
मानदंड,neither
साहब।,nepali-only
भावार्थ,nepali-only
डॉक्टर,neither
विम्बों,neither
बलवान,nepali-only
दौड़े,neither
बेकार,nepali-only
खो,neither
मजबूरी,neither
रुँध,neither
भला,nepali-only
फालतू,neither
क्रिटिकल,neither
परिमार्जित,nepali-only
पहुँचती।,neither
संजीत,neither
थमने,neither
कुंडली,neither
सौंपी,neither
सरल,nepali-only
पदाधिकारियों,neither
गुरूद्वारे,neither
बलदेव,nepali-only
भेद,nepali-only
सद्व्यवहार,neither
वासुदेव,nepali-only
काश,neither
हारुन,neither
गाली,nepali-only
असंभव,neither
जुड़ा,neither
बिल्व,neither
प्रायोजित,neither
पुरूष,neither
पुरातत्व,nepali-only
इज्ज्त,neither
मर्म,nepali-only
दीवारों,neither
भूमिकाओं,neither
सांखला,neither
देश-प्रदेश,neither
गिरफ्तारी,nepali-only
एमफिल,neither
रोको,neither
एक्विलिनम,neither
मुंच,neither
डीके,neither
एंकर,neither
डांस,neither
हाल,nepali-only
सदृश,nepali-only
हैफा,neither
कार्ड़,neither
डॉक्टरनी,neither
बेकाबू,neither
प्रश्रय,nepali-only
आदिवासी,nepali-only
विज,neither
अग्रसर,nepali-only
खिलंदड़ेपन,neither
डॉ,neither
सोचने-समझने,neither
पुलिया,neither
बलदेवनगर,neither
जैनेटीकली,neither
घड़ी,neither
बदलिए।,neither
यथार्थ,nepali-only
मुख्यमंत्री,neither
आध्यात्म,neither
शिक्षा,nepali-only
सत्कर्म,nepali-only
रामजीलाल,neither
पग,neither
बेध्यानी,neither
संतोखसिंह-हां,neither
सिद्ध,nepali-only
ऊपरी,neither
अहं,neither
आन्दोलित,nepali-only
बीमारियाँ,neither
दरकार,nepali-only
सेलफोन,nepali-only
सेटलवाड,neither
स्मृतियों,neither
नयी,neither
गमन,nepali-only
सरिता,nepali-only
बंतानी,neither
फलस्वरूप,neither
जिज्ञासाओं,neither
असुविधा,nepali-only
रखें,neither
मुमबई,neither
तथापि,nepali-only
पड़नी,neither
चिढ़ाते,neither
अन्यथा,nepali-only
स्याही,neither
पपरी,neither
गज़ल,neither
हज़ारों,neither
जोडी,nepali-only
किषोर,neither
अभिलेख,nepali-only
घन्टे,neither
सुसाइड,neither
अंडलूसियन,neither
मीन,nepali-only
गलते,neither
पेट्रोलियम,nepali-only
प्रतिभाओं,neither
बिकवाली,neither
भ्रम,nepali-only
थके-थकेलगते,neither
नोटिस,neither
अरसे,neither
एक्ठो,neither
जीव,nepali-only
तातारपुर,neither
गहने,neither
वाशरूम,neither
चिट्ठे,neither
यूपीए-एक,neither
दाढ़ी,neither
चुन्नीलाल,neither
माँगता,neither
मुद्राओं,neither
जरवरी,neither
झपकाए,neither
नीरव,nepali-only
तारणहार-खेवनहार-पैरोकार,neither
कौवे,neither
कराए,neither
उम्मीदें,neither
श्रीचंद्र,neither
कर्मियों,neither
गोल्डेन,neither
आवासीय,neither
उम्मीद,neither
मोल-भाव,neither
आल्हा,neither
बसनेवाली,neither
प्रदेशों,neither
मनाना,neither
माँड़,neither
भीग,neither
निभाई।,neither
ठहर,nepali-only
लक्ष्मीदत्त,neither
डिप्लोमा,neither
तामीली,neither
ऊँचाई,neither
मालकिन,neither
समान,nepali-only
प्रत्याशी,neither
हवाओं,neither
वादा,neither
उधर,neither
प्रफुल्ल,nepali-only
तिलक,nepali-only
सिमटते,neither
बुंदेलखंड,neither
साले,nepali-only
पडता,neither
घरवालों,neither
माल,nepali-only
लेखा,nepali-only
दसरी,neither
पड़ेगी।,neither
राना,nepali-only
पहने,neither
सहिष्णु,nepali-only
स्वयंपूर्णता,neither
फ्रेंच,neither
शोभना,neither
थामस,neither
पृथु,nepali-only
पुत्री,neither
क्राउन,neither
शहीद,nepali-only
एक,nepali-only
उतुंग,neither
मुसहर।,nepali-only
वी,neither
पंचायत,neither
नागरिको,neither
अमृतस्य,neither
देशमुख,neither
घूमने,neither
टेलिग्राम,nepali-only
लोटपोट,neither
पल्लवी,neither
इमेज,neither
नज़ारा,neither
रहना,neither
बाईडर,neither
लहसुनियां,neither
तिजारत,neither
च्वांत्सु,neither
स्वाभिमान,nepali-only
भेजा,nepali-only
कुप्रभाव,neither
परिवारों,neither
अगले,neither
दंड,neither
नंदा,neither
प्रचुरता,neither
बहलावे,neither
ऐप्स,neither
योग्यताओं,neither
नकलची,neither
जाओ-पश्चिम,neither
किरदार,neither
चिपके,neither
कनिष्क,neither
चोट्टे,neither
आंदोलनों,neither
दिखावा,neither
कुमाऊं,neither
उपकरण,nepali-only
परोक्ष,nepali-only
अश्वघोष,neither
प्रवंचना,neither
प्रोत्साहन,nepali-only
भुखमरी,neither
श्राफ,neither
यूनिट,neither
आह्लादकारी,neither
कंटेनर,neither
शीतकालीन,neither
इस-इस,neither
साइज़,neither
पफंक्शन,neither
भाषेनाना,neither
इज़,neither
परवाना,neither
सोंचा,neither
कोरी,neither
जेसन,neither
नॉल्स,neither
कढ़ी,neither
तेलिया,nepali-only
देता।,neither
रिकमेंडेसन,neither
मार्च,nepali-only
कॉर्पोरेट,neither
जैपेनीज,neither
जुझारू,neither
वितरित,nepali-only
यादों,neither
फ्रीक,neither
एमए,neither
पहुँचा।,neither
मंडी,neither
खुलेआम,nepali-only
हॉस्पिटल,neither
अविकल,nepali-only
गोली,nepali-only
बुला,neither
निकाल,neither
अगुवाई,neither
दल,nepali-only
तड़पते,neither
मौके,neither
रोजे,neither
सेकेंड्री,neither
पवित्र,nepali-only
चित्रालय,neither
रामरती,neither
डाउंस,neither
आरपीईटी,neither
बंद,neither
रेटिंग,neither
दोहरा,neither
ज़ोर-शोर,neither
दवाओं,neither
मल,nepali-only
विद्वजन,neither
छिनकर,neither
इंटरेक्ट,neither
आईजक,neither
तूफान,neither
पराजय,nepali-only
बिटिया,neither
जोरी।,nepali-only
सहस्त्रों,neither
पेड,nepali-only
पहनी।,neither
बुरादे,neither
वीजा,neither
पिटवाते,neither
खींचनेवाले,neither
बैलाडिला,neither
सत्येंद्र,neither
अफसरशाही,neither
इज्जतदार,nepali-only
उजाला,neither
कमर,nepali-only
मोहसिन,nepali-only
गुगल,neither
नेक्सस,neither
कॉँपने,neither
कुछेक,neither
किये।,neither
विकास।,nepali-only
फकीरी,neither
रविंद्र,neither
नाकारा,neither
आर्थोपेडिक,neither
जननी,nepali-only
बैकुण्ठ,nepali-only
डीएसपी,nepali-only
तुलना,nepali-only
उत्सुकता,neither
मिलीं।,neither
टंकित,neither
दारू,neither
बंदर,neither
मार्श,neither
बॉस,neither
तीर्थों,neither
खैबर,neither
चाहत,neither
लगे।,neither
बदलना,neither
भिक्षुओं,neither
मराठवाड़ा,neither
पमुख,neither
फेंकते,neither
सीसीटीवी,neither
ग्लैमरस,neither
पतन,nepali-only
बाजार,neither
ज्वाला,nepali-only
पेयजल,neither
मोरल,neither
सोचते,neither
भगाने,neither
टहल,nepali-only
मया,neither
सेठ।,neither
राम-लक्ष्मण,neither
वास्तुविद,nepali-only
छोड़ने,neither
दूंगा।,neither
अतिथि-गृह,neither
गेंद,neither
इन्सां,neither
प्रकाशन।,nepali-only
जिम्मेदारियां,neither
ज़रूरतें,neither
स्वरूप,nepali-only
नहाने,neither
जीत,nepali-only
सिंडिकेट,neither
जीरा,nepali-only
खेला,neither
देबे,neither
वगेरा,neither
अर्थोपार्जन,neither
शवों,neither
रख,neither
रिटर्न,neither
पढने,neither
गढ़,neither
बिल्कुल,neither
अभी,neither
लिमिट,neither
फ़िरदौस,neither
प्रभुता,neither
ध्याते,neither
पुत्त,nepali-only
वाट,neither
श्रृंखला,neither
मापर्फत,neither
कौम,neither
जर,nepali-only
जहान,nepali-only
रूपगढ,neither
उखड़ने,neither
अधलिखे,neither
शाम,neither
सेंधमारी,neither
पंचनामें,neither
जरिये,neither
घरवाली,neither
दर्शक,nepali-only
ब्लू,neither
थेरेपी,neither
मतभेद,nepali-only
पीनी,neither
पैन,neither
अलंकृत,neither
माइंड,neither
छोड़ें,neither
पात्रों,neither
पत्थरों,neither
एफपीओ,neither
पतझर,neither
ईसामसीह,neither
आना-जाना,neither
प्रभार,neither
खत,nepali-only
बग़ैर,neither
बहनो,neither
बरपा,neither
प्रयच्छेत्,neither
सांसें,neither
नजदीकी,neither
जूनूनी,neither
ढूंढ,neither
गुणातीत,nepali-only
सेक्युलरिज्म,neither
चमकते,neither
विराटनगर,nepali-only
लेता।,neither
सटिकतम,neither
जन्मोत्सव,nepali-only
मुस्करहाट,neither
वेटिंग,neither
फटे,neither
आरोप।,nepali-only
सौतेला,neither
लोकसंगीत,neither
सेवाऍं,neither
आपत्तियाँ,neither
घटकर,neither
थानवी,neither
उछलकर,neither
देखिएगा,neither
प्रपंच,neither
हलचल,nepali-only
स्त्रिायों,neither
खाइयों,neither
समझाना,neither
नहीं।,neither
ममी,nepali-only
तस्वीरों,neither
विषाणु,nepali-only
डॉ॰,neither
सभी,neither
सच्चा,nepali-only
बन्दे,neither
चतुर्थ,nepali-only
चूकते,neither
धूम,neither
सिक्के,neither
निस्स्वार्थ,nepali-only
इक,neither
मौहम्मद,neither
वाणी,nepali-only
अलका,nepali-only
लड़कियाँ,neither
मुअन,neither
आरोपित,nepali-only
ठाक,neither
टू,neither
पछेती,neither
निम्मी,neither
फिरें,neither
पाबन्दी,neither
अवसंरचना,neither
हाउस,nepali-only
मिश्रण,nepali-only
अरे,nepali-only
चुहल,neither
बरकत,neither
सब्जी,neither
बोधि,nepali-only
लायर,neither
मॉनीटर,neither
लुटिया,neither
नीतीश,neither
आयोजनों,neither
लिखूंगा,neither
अर्चना,nepali-only
कर्मचारियों,neither
कुठाराघात,neither
रमा,nepali-only
उठना,neither
राजूखेड़ी,neither
बनता,neither
नोटों,neither
संयंत्रों,neither
डरूंगा,neither
गुस्साई,neither
मँडराते,neither
टॉकिज,neither
मलिनों,neither
जलाकर,neither
अक्बर,neither
अवसर,nepali-only
१६३२,numeral/punctuation
कोलेस्ट्रोल,neither
सेक्रेटरी,nepali-only
मत्स्यपालन,nepali-only
चित्रण,nepali-only
सोनू,neither
पृथ्वीराज,nepali-only
पोशक,neither
भ्रमजाल,neither
हुईं।,neither
झुण्ड,nepali-only
भरने,neither
मुस्कान,nepali-only
नियोजित,nepali-only
हमने।,neither
पायल,nepali-only
क़ानून,neither
शरारती,neither
थैली,nepali-only
मंथन,neither
रीझते,neither
मरणोत्तर,neither
नवजात,neither
अछूत,neither
बंकर,neither
मरियल,neither
संगदिल,neither
उन्नीकृष्णन,neither
छपाई,neither
मारीच,neither
अंदर,neither
आएं।,neither
ईजाद,neither
मा-पिता,neither
दूरसंचार,neither
महागुरुत्व,neither
बंबई,neither
सका,neither
तृतीय,nepali-only
७२,numeral/punctuation
लोकसेवकों,neither
दराज,nepali-only
रामलीला,neither
यूरोपीय,neither
जख्मी,neither
उत्तरवैदिक,neither
आ॓फ,neither
हालिकाय,neither
डीएनए,nepali-only
लोकतान्त्रिक,nepali-only
पढ़ो,neither
लड़ें,neither
सामर्थ्यवान,neither
इसीलिए,neither
मुस्लिमों,neither
तेलुगू,neither
प्रोग्रामन,neither
भले-बुरे,neither
भैकंप,neither
संधि,neither
दुकाने,neither
गुनी,neither
आगरा,nepali-only
क्षार,nepali-only
सल्ल,nepali-only
रगड़ना,neither
लूण,neither
गुंडागर्दी,neither
पंक्तियां,neither
नसबंदी,neither
शांतिप्रिय,neither
वैष्णो,neither
ग्लास,nepali-only
जगदीश,nepali-only
अवस्था,nepali-only
घटेगा,neither
मनुहार,neither
बेचारा,neither
ध्वनियों,neither
लाभदायक,neither
राहु,neither
अकसर,neither
अनुमति,nepali-only
किग्रा,neither
कोठारी,neither
गिराने,neither
घृणा,nepali-only
श्रीमान,nepali-only
पाप,nepali-only
बहाना,nepali-only
तलब,nepali-only
देवी,nepali-only
सदैव,nepali-only
नरसंहार,nepali-only
घबराना,neither
शक़,neither
सीखना,neither
युवती,nepali-only
द्रष्टा,nepali-only
सीसा,nepali-only
पत्रो,neither
मुक्तिबोध,neither
पारदर्शी,nepali-only
समकालीन,neither
समर्पण,nepali-only
पहुँचा,neither
सोम,nepali-only
साईकिल,neither
संतति,neither
कामेच्छा,neither
अरूणा,neither
फजीहत,neither
वाक्पटु,nepali-only
ज़ोन,neither
गोवा,neither
प्रश्न,nepali-only
आँसू,neither
राइफल,nepali-only
प्रतिभूतियाँ,neither
सोची-समझी,neither
प्रोसेसर,nepali-only
समझिये,neither
बुध,nepali-only
पालन-पोषण,nepali-only
बेशुमार,neither
संस्थाओं,neither
परिशिष्ट,nepali-only
थाने,neither
राजीति,neither
डीजल,neither
कृत,nepali-only
असोशल,neither
एके,neither
फैट,neither
खोजे,neither
इंस्ट्रूमेंट,neither
मिटता,neither
रसूलजदा,neither
ऑनर्स,neither
पक्ष-विपक्ष,neither
आरोप,nepali-only
सरवर,neither
जायगी।,neither
अहंकार,neither
लिपिक,neither
सोना,neither
एडवेन्चर,neither
हैल्स,neither
ट्रेन,neither
आह्लाद,neither
दिल्ली,nepali-only
सुंदरवन,neither
घटनाओ,neither
तैर,nepali-only
करमी,neither
स्पष्टता,neither
उपन्यासकार,neither
एनडीए,neither
कोसंचित,neither
अपरान्ह,nepali-only
खड़ी,neither
अल-बेरुनी,neither
बीता।,neither
मौसम,nepali-only
कैरेबियाई,neither
क्षीण,nepali-only
पंचाग्नि,neither
हैरतअंगेज,neither
मंत्रालयों,neither
जेब,neither
परवरदिगार,neither
कक्षा-शिशु,neither
सीबीआई।,neither
लक्ष्मीकांत,neither
खाद्य,nepali-only
फतवा,neither
परन्तु,nepali-only
मुक़ाबला,neither
मैटरनिटी,neither
बीतता,neither
बहती,neither
बार-बार,neither
कलाओं,neither
ओबराइन,neither
रुप,nepali-only
धकेलती,neither
डायल,nepali-only
नाइजीरिया,neither
गहराने,neither
बदले,neither
प्रथा,nepali-only
अजीब,neither
गठबंधन,neither
रुमाल,nepali-only
पढ़कर,neither
पायेगा,neither
खेलकर,neither
स्त्रियोचित।,neither
आंध्र,neither
कव्वालियों,neither
उद्याम,neither
चारो,nepali-only
अयोध्या,nepali-only
करुणानिधि,neither
पॉपस्टार,neither
प्राइवेट,neither
जनविरोधी,neither
हरनाइसे,neither
रूपये।,neither
क्यूँ,neither
शंकरदेव,nepali-only
अराजकता,neither
दबंग,neither
शूद्रादि-अतिशूद्र,neither
सुमन,nepali-only
छोटी,nepali-only
उपलक्ष्य,nepali-only
मोलभाव,neither
सीरा,neither
पाऊँ,neither
देन,nepali-only
अप्रचलित,nepali-only
गुत्थी,neither
बहुचर्चित,nepali-only
बादमें,neither
छतों,neither
तीक्ष्ण,nepali-only
संभवत,neither
मांड,neither
मानविकी,neither
अस्सी,neither
सेवानिवृत्त,neither
वॉयस,neither
पात्र,nepali-only
उदासी,nepali-only
शृखला,neither
फ्राँस,neither
हों।,neither
श्रद्धा,nepali-only
गुलेल,neither
सोची,neither
ट्रांजिट,neither
गिरीन्द्र,neither
हानिकारक,neither
घ्वनियां,neither
पैट्रोल,neither
दिखावे,neither
ओशो,nepali-only
बबूला,neither
तत्ववादी,neither
वाणिज्य,nepali-only
टेरो,neither
कंट्रोल,neither
सुन्दर्,neither
करूँगा।,neither
कृपा,nepali-only
तस्दीक,neither
बुलाएं।,neither
आत्मायें,neither
छोटे-से,neither
संख्या,nepali-only
डूबते,neither
खंडेलवाल,neither
व्याप्त,nepali-only
शख्स,neither
कॉमन,neither
गेम्स,neither
समझो,neither
करवाया,neither
तबादला,neither
फायर,nepali-only
नट,nepali-only
नौसेना,neither
बैरल,neither
मेरा,neither
सिपाहियों,neither
चरित्र,nepali-only
देते,neither
तकलीफ,neither
जीने,neither
ऊँ,neither
कार्मिकों,neither
सीतापुर,nepali-only
कमेन्ट।,nepali-only
क्विज,neither
ॾ,neither
छोटे,nepali-only
अंगों,neither
पीएँ।,neither
बढ़त,neither
पेंसठ,neither
चिट्ठियों,neither
मेफेयर,neither
सन्तों,neither
भस्म,nepali-only
अकड,neither
माद्दा,neither
पेंटर,neither
मधु,nepali-only
रिजर्व,neither
कमज़ोरी,neither
सर्विलांस,neither
सम्हालकर,neither
मार,nepali-only
अनजाने,neither
सुविधा,nepali-only
रूपयों,neither
माता,nepali-only
उलझाना,neither
पढ़,neither
अपफसरों,neither
लोकजीवन,neither
निकाला।,nepali-only
स्पष्ट,nepali-only
ज़रूर,neither
भ्रामक,nepali-only
सहायता।,neither
मज़दूर,neither
नकारकर,neither
विभाजन,nepali-only
चिपडे,neither
निरंजन,neither
चूड़ी,neither
विकिपीडिया,neither
बहनों,neither
बताए।,neither
मेरेसेदेस,neither
भौतकशास्त्रियों,neither
मचाते,neither
भेजिए,neither
लङना,neither
छा,neither
गिल्ली-डंडे,neither
तर्कसंगत,neither
गंदगी,neither
राक्षसों,neither
अधीन,nepali-only
उगाएं।,neither
भरे-पुरे,neither
खरमिटाव,neither
द्रव्यमान,neither
व्यवस्थाएं,neither
जौ,neither
मंदा,neither
सोनाक्षी,neither
ट्यूब,neither
त्याग,nepali-only
शुरू।,neither
भूमिसुधार,nepali-only
सास्।,neither
गरीबी,neither
पालन,nepali-only
उपशीर्षक,neither
सुसरालजनों,neither
मानना।,neither
मधुरता,neither
झलकती,neither
यूरिया,neither
रितेश,neither
एबी,neither
भून,neither
थेटे,neither
लेने-देने,neither
टेलीग्राफ,neither
डकैत,nepali-only
युद्धघोष,neither
जठराग्नि,neither
प्रणाम,nepali-only
लीं,neither
कैफ़े,neither
बुद्धिमत्ता,neither
वस्तुएं,neither
पर।,neither
छोटेपुर,neither
आरही,neither
सोखे,neither
एड,neither
जाने-माने,neither
नहाये-धोये,neither
लाऊडस्पीकरों,neither
क्षणभंगुर,neither
ज्योति,nepali-only
खुशियां,neither
शिखा,nepali-only
सोच-विचार,nepali-only
पड़ेंगे।,neither
अमिया,neither
डुबा,neither
चाल,nepali-only
निगल,neither
उजड़,neither
जुटाती,neither
मेरठ,neither
फ़ूल,neither
स्तरों,neither
नेता।,nepali-only
संतों,neither
सब,nepali-only
मालिक,nepali-only
तिरशूल,neither
बीचिज,neither
बिखेरती,neither
डिलीवर,neither
प्रतिनिधि,nepali-only
सिखाने,neither
ग्रसित,nepali-only
ओपोजिट,neither
पूर्णतया,neither
आयी।,neither
स्थापनाओं,neither
भूपलम,neither
समानता,neither
ऊँचा,neither
लैब,neither
सांडर्स,neither
विकलांग,neither
जांच-परिणाम,neither
२-३,numeral/punctuation
चुकंदर,neither
शंका,nepali-only
खर्च,nepali-only
पैगम्बर,neither
संवैधानिक,nepali-only
अंग्रेज़ो,neither
बैंकों,neither
मिश्रा,neither
पंचायतराज,neither
दिग्दर्शन,neither
शोरूम,neither
गृहिणियाँ,neither
सुपारी,nepali-only
चटर्जी,neither
घोसले,neither
अश्लीलता,neither
दबी,neither
सर्वोच्चतम,neither
डूबे,neither
टाइट,neither
अनुसूचियों,neither
कीमतें,neither
लेकिर,neither
आक्रोश,nepali-only
आकी,neither
कान्हां,neither
शोक,nepali-only
लड़्का,neither
दर्जे,neither
भयानक,nepali-only
दोषी,nepali-only
कृपालु,nepali-only
धागा।,neither
विलीन,nepali-only
पूर्व,nepali-only
मिलाकर,neither
सेफ्टी,nepali-only
बड़ा,neither
डाक्यूमेंट,neither
यक़ीनन,neither
वाग्भट,neither
राख,neither
होन्नावर,neither
ख़ारिज,neither
अन,neither
निजि,neither
पठार,nepali-only
घड़ी,neither
असहयोग,nepali-only
बहत,neither
पे,neither
अकेलेपन,neither
पहाड़ियो,neither
पत्रकारी,neither
बेड,neither
धारक,nepali-only
जयपुर,neither
सिंगर,neither
लम्बी,neither
तवील,neither
फूलमती,neither
करा,neither
बगीचों,neither
ॠषि,neither
कुल्हाड़ी,neither
आय-व्यय,neither
जिसमें,neither
आदतन,neither
डेस्क,nepali-only
दिक्भ्रमित,neither
रनों,neither
स्नान,nepali-only
गेह,neither
खिलते,neither
मुलजिम,neither
मधेपुरा,neither
अहलूवालिया,neither
कथानक,neither
सूचना,nepali-only
गोया,neither
मैराथन,neither
शेखचिल्ली,neither
देखते-देखते,neither
१९,numeral/punctuation
किसे,neither
झाड़,neither
एकत्रित,nepali-only
खोलें।,neither
चित्रगुप्त,neither
आँखों,neither
कटि,neither
आहाता,neither
दिखाकर,neither
हुस्नी,neither
प्रतीक,nepali-only
शख़सीयत,neither
केप्स्यूल,neither
लादा,neither
सुनवाती,neither
खोलती,neither
घुमक्कड़,neither
उतरती,neither
चमड़े,neither
जगमोहन,neither
नीतिज्ञों,neither
तपिश,neither
रिक्शेवालों,neither
अल्पसंख्यक,neither
भयंकर,neither
संसाधन,nepali-only
निर्विघ्न,nepali-only
धन्यवाद।,nepali-only
तरीका,neither
आएगा,neither
मुड़,neither
जोकर,nepali-only
अलाव,neither
स्टॉर,neither
विस्फोटकों,neither
माहिर,nepali-only
रंगकर,neither
सम्भवत,neither
दीवारें,neither
ग्रीष्मकालीन,neither
डिस्ट्रिक्ट,neither
आदमी,nepali-only
संवेदनशीलता,neither
मीठी,neither
मोदीजी,neither
कौनौ,neither
पाऊं,neither
संघटन,neither
बरता,neither
इत्यादि,nepali-only
देखें,neither
मध्याद्दे,neither
लुटाती,neither
चूकने,neither
फरवरी,neither
क्षिप,neither
गधा,nepali-only
तोते,nepali-only
टकोण,neither
सामना,nepali-only
अधेड़,neither
बेबाकी,neither
भागकर,neither
फास्फोरस,neither
डालेंगे,neither
नेत्र,nepali-only
कंगना,neither
पढवाने,neither
धब्बे,neither
प्रादेशिक,neither
आवास,nepali-only
सुस्थापित,neither
किताबें,neither
अचलेश्वर,neither
कार्बेट,neither
आलावा,neither
उषा,nepali-only
समिति,nepali-only
अँधेरों,neither
मनुष्यों,neither
अंगूठे,neither
जद,neither
हूगो,neither
जिक्के,neither
सांगठनिक,neither
वर्ष,nepali-only
बबीता,neither
फ़साद,neither
हाड़-मांस,neither
चण्डीगढ़,neither
बनाएगी।,neither
उद्धृत,nepali-only
शराबी,neither
मियाँ,neither
बढ़ी,neither
चाहेंगे।,neither
गिरिजेश,neither
सांसदों,neither
अर्धशतक,neither
फर्ग्युसन,neither
मज़दूर,neither
तरूमित्रा,neither
सम्बंधित,neither
छींक,neither
फ़िल्में,neither
डिगा,neither
खाकर,nepali-only
नारेबाज़ी,neither
दुविधा,nepali-only
योजना,nepali-only
होना,neither
गुलगुले,neither
पोलित,neither
मिठाइयां,neither
खयाल,neither
क्षय,nepali-only
घिनोने,neither
रूपया,neither
खासी,nepali-only
पुत्र-वियोग,neither
सेमल,neither
धर्मी,nepali-only
बोलीविया,neither
जिसमे,neither
मैडम,neither
ईंधन,neither
एल्फिंस्टन,neither
मांगों,neither
बेजोड,nepali-only
ज़रूरत,neither
कोहनूर,neither
कमरों,neither
द्रढता,neither
स्टंट,neither
कंप्यूटरों,neither
टेंशनात्मक,neither
परिवर्तीसूचना,neither
चुनौतियों,neither
वास्त्विक,neither
अमरता,neither
अनौपचारिक,nepali-only
खासमखास,neither
बाथ,nepali-only
जज्बे,neither
प्रसूता,neither
जोखम,neither
ईषद्विवृत,neither
मूर्तियाँ,neither
गायत्री,nepali-only
आंचल,neither
मसविदा,neither
सीएम,neither
बिल्लौरी,neither
उड़ता,neither
कोरिंग,neither
लोकप्रिय,nepali-only
ऐक्सिस,neither
नायिकाएं,neither
आइटम,nepali-only
बुझने,neither
हैँ,neither
यह,neither
किताब,nepali-only
कानूनगो,neither
मल्लोय,neither
सकेगी।,neither
नाव,neither
गोरे,nepali-only
जघन्य,nepali-only
छलांग,neither
ढकोंसलेबाजी,neither
एमवी,neither
देखाएं॥,neither
साझेदारी,neither
देखता,neither
जावे,neither
शॉर्ट,neither
खदानें,neither
गोलाबारी,neither
हाल-फिलहाल,neither
चूसने,neither
छठें,neither
टूजी,neither
अख़बार,neither
दिखाते।,neither
दुर्गन्ध,nepali-only
बीटीसी,neither
मुताबिक,nepali-only
शाहों,neither
विहार,nepali-only
उन्होंने,neither
कैरी,neither
पत्तर,neither
पहनाती,neither
अनुभवहीन,nepali-only
परेशान,neither
गौ,nepali-only
सर्वसम्मति,neither
बेस्ड,neither
३५०,numeral/punctuation
पदोन्नति,nepali-only
दालान,neither
फिज़ाओं,neither
लागे,neither
अपनाता,neither
बुझाने,neither
पारियों,neither
कंपती,neither
घटनाओं,neither
तिकरित,neither
समितियों,neither
गैरोस,neither
तौलती,neither
फीड,neither
पापाजी,neither
सड़कों,neither
नागदौनी,neither
मानवादियों,neither
चोर,nepali-only
मृज्,neither
खूंखार,neither
तहां,neither
सबेरे,neither
खानेकाह,neither
मिलकर,neither
प्रमुख,nepali-only
चिह्न,nepali-only
नंबर,neither
मोखा,neither
मोटरसार्इकिल,neither
लड़कियों,neither
चयन,nepali-only
आर्मी,nepali-only
पिताश्री,neither
आयत,nepali-only
कनविंस,neither
इन्श्योरेंस,neither
दफ़्न,neither
फगुवा,neither
बड़ा-सा,neither
इत्ती,neither
चलाते,neither
जुटाने,neither
१४,numeral/punctuation
धनाढ्य,nepali-only
करनेवाले,neither
दयालु,neither
भादो,neither
दुराग्रहों,neither
रेस्त्राँ,neither
दहेज,neither
भाषाई,neither
कहूं,neither
समाजशास्त्राीय,neither
राष्ट्रवाद,nepali-only
शिवना,neither
पेण्ड्रा,neither
२०११,numeral/punctuation
हड़प,neither
कोशिश,neither
राजभाषा,neither
खटीमा,neither
अभिर्दिष्ट,neither
ॲक्ट,neither
वस्ताद,nepali-only
कुएँ,neither
मनाली,neither
जेके,neither
मानसिकता,neither
स्टोरीज,neither
गोयनका,neither
शरावती,neither
निश्छलता,neither
कम्पनी,nepali-only
देख-रेख,neither
मन्दिर,nepali-only
हरकतें,neither
फ़ीचर,neither
हटता।,neither
ब्यौरा,neither
खाया,neither
बांहें,neither
ऑफ़,neither
ब्रिटिश,neither
निकाली,neither
फिएट,neither
क़दमों,neither
सूद,neither
महताबी,neither
प्रतिबल,neither
कलश,nepali-only
डिप्टी,neither
आतंकवादियों,neither
दुर्दशापूर्ण,neither
कलियों,neither
हौसले,neither
मंत्रीमंडल,neither
समस्तीपुरी,neither
बड़े-बुजूर्ग,neither
वैज्ञानिकता,neither
विचार,nepali-only
सरेआम,neither
तुम्ही,neither
बांद्रा,neither
देंगीं,neither
भले,neither
अंग्रेगी,neither
डेवलपर्स,neither
मचल,neither
फेअसबुक,neither
लडको,neither
मसीही,neither
मुद्राराक्षस,neither
फूलों,neither
कब्जा,nepali-only
तेाड़ने,neither
साधुवाद,neither
निकलवा,neither
रमेश,neither
संकीर्ण,neither
अभिजात्य,neither
जॉज्र,neither
उठाएंगी।,neither
सौतेले,neither
नामा,nepali-only
उकेरा,nepali-only
खुलते,neither
रिजवी,neither
हड्डी,nepali-only
हिमायत,nepali-only
भंग,neither
कुमारेन्द्र,neither
झांकने,neither
परनिंदा,neither
व्यापारी,nepali-only
अद्यतन,nepali-only
परेश,neither
झरझरा,neither
सिंदरी,neither
विशवकर्मा,neither
शरीर,nepali-only
टिप्पुणी,neither
पुत्र,nepali-only
अकादमीशियनों,neither
ट्रांसमिशन,neither
सेमिनार,nepali-only
गिनती,neither
परहेज,neither
बिहारी,neither
ट्विटर,neither
मिजाज,neither
ठुकराये,neither
तहखानो,neither
छूमंतर,neither
सबा,nepali-only
पाकर,neither
स्नायविक,neither
चार-पांच,neither
त्यौहार,neither
एपीटी,neither
तेलंग,neither
डंसा,neither
बलों,neither
मूव,neither
मरीजो,neither
माकपा,neither
फ्रॉड,neither
जीनों,neither
अवांछित,neither
रखेंगे।,neither
स्वभाव,nepali-only
परिस्थितियों,neither
मुझ,neither
कैलीफोर्निया,neither
बांटने,neither
चेहरे,neither
प्रावधान,nepali-only
मुलाजिम,neither
साइज,nepali-only
स्थानवाची,neither
कलाविद,neither
तत्व,nepali-only
नामौजूद,neither
कर्तृत्व,neither
कितनों,neither
ताजी,neither
नौजवानों,neither
सरस्वती,nepali-only
कीवर्ड,neither
बेरा,nepali-only
गढ़डोंगरी,neither
दिखेगा।,neither
विनम्रतापूर्वक,neither
प्रक्रिया,nepali-only
वार्षिक,nepali-only
तकनीकी,neither
पापों,neither
निभाता,neither
घोटालो,neither
समझें।,neither
हजारी,nepali-only
आंख,neither
छुटकी,neither
लगेंगी,neither
भुवन,nepali-only
सामर्थ्य,nepali-only
गार्जियन,neither
प्रमेंद्र,neither
पढ़े-लिखे,neither
सौभाग्य,nepali-only
अदब,nepali-only
गवाहियां,neither
छुटियों,neither
पलायन,nepali-only
आधारित,nepali-only
मार्मिकता,neither
कौन,neither
बहुधा,nepali-only
सिंहस्थ,neither
रन,nepali-only
शवगृह,neither
सुपरवाइजरी,neither
एण्ड्रॉयड,neither
एक्जाम,neither
मैन्युपुलेशन,neither
अलमस्त,nepali-only
बन्धुता,neither
अंतराल,neither
रोज-रोज,nepali-only
जादूगर,neither
मार्मिक,nepali-only
पका,neither
प्रभाभीत,neither
भींगा,neither
परिवार,nepali-only
विराजमान,nepali-only
पलने,neither
झारखंड,neither
कटे,neither
नसरीन,neither
मोजिला,neither
तुझको,neither
एडमिशन,neither
जिनका,neither
मालिकों,neither
गौर,nepali-only
मलिक,neither
बारह-चौदह,neither
पद्मभूषण,neither
निगेअिव,neither
जनाब,neither
काम-धाम,neither
जलेस,neither
यूं,neither
कृषि-मौसमी,neither
क्लासिक,neither
शैलेन्द्र,neither
प्लेटफॉर्म,neither
सीआइए,neither
वास्ते,nepali-only
पथरीले,neither
युद्ध,nepali-only
विलासराव,neither
दुस्साहसभरा,neither
फर्जी,neither
होगे,neither
पहचानिए,neither
खरीदेंगे,neither
विविधता,neither
सकें।,neither
जोधपुर,neither
छापने,neither
सांप,neither
उन्हों,neither
मुग्धा,neither
शाही,nepali-only
देवीय,neither
बेटीयों,neither
ख़ानदान,neither
जयराम,neither
कैलिग्राफीनुमा,neither
मर्द,neither
ग्रैंट,neither
एंजलो,neither
ब्यास,nepali-only
सकती।,neither
अनर्गल,nepali-only
लिखिया,neither
प्रांत,neither
अ्ररूण,neither
झंझावात,neither
कुपर,neither
मोतियाबिंद,neither
चला।,neither
गर्भ,nepali-only
अरबों,neither
अघोषित,nepali-only
सघंर्ष,neither
सारिका,nepali-only
दोषारोपण,nepali-only
अनछुये,neither
ताँगे,neither
सारनाथ,neither
सिरसा,neither
उसकी,neither
विधान,nepali-only
कश्यप,nepali-only
लल्ला,neither
झूठों,neither
जोड़ने,neither
बाकि,neither
अती,neither
बतकही,neither
लोगे,neither
ज़हर,neither
खफा,neither
पावर,nepali-only
अनुकरण,nepali-only
शुभकामनाओं,neither
अंतर्विरोध,neither
मांगी।,neither
घुसकर,neither
इटावा,neither
भीद्ध,neither
हावभाव,neither
हक़,neither
स्वेच्छा,nepali-only
पहुंचाएं,neither
राजनितिक,neither
बावलापन,neither
जड़ें,neither
वज़ह,neither
पर्यवसित,nepali-only
वेक्यूम-सकर,neither
लटकाई,neither
ले।,nepali-only
नरपतसिंह,neither
आरक्षण,nepali-only
गेहूं,neither
जोगेश्वर,neither
पीएचर्ऌ,neither
संघटना,neither
पौड़ी,neither
जवाब,nepali-only
सेवाओं,neither
शेल्फ,neither
बिज़ी,neither
यात्रि,neither
लेना।,neither
साक्षित्व।,neither
कोटा,nepali-only
देशप्रेम,neither
कागज,nepali-only
कन्याय,neither
व्यवस्था,nepali-only
फ़कीर,neither
भर्तृहरि,nepali-only
बइठेलाऽ,neither
आत्मज्ञान,neither
शौर्य,nepali-only
आच्छादित,nepali-only
सिमटी,neither
भाई-बहन,neither
भौतिक,nepali-only
कैम्रमेनों,neither
झटका,neither
रीडरशिप,neither
अक्षरों,neither
याचिका,nepali-only
दिक्पाल,nepali-only
भ्रमरगीतों,neither
फार्म,nepali-only
परामर्शदाताओं,neither
सुरजी,neither
पिक्चर,neither
संभालते,neither
कृतियों,neither
गावं,neither
ताज़ा,neither
टाटा,nepali-only
शिलालेख,nepali-only
छिपी,neither
चीजे,neither
असितत्वबोध,neither
मिशेल,neither
मांगें,neither
खींचे,neither
खिताब,neither
प्रजनन,nepali-only
लिखें,neither
सत्ताा,neither
विरासत,nepali-only
अवैध,nepali-only
करिश्मे,neither
परिवीक्षा,neither
इस्तहार,neither
सवाल-जवाब,neither
ललकारा,neither
विष्णुकांत,neither
मुखे,nepali-only
पारंपरिक,neither
दिलाए,neither
लिखती,neither
वंशज,nepali-only
लचर,neither
चिरायु,nepali-only
इन्ही,neither
कथादेश,neither
मंचन,neither
बढि़या,neither
बूझते,neither
नर्तक,neither
आजा॑ता,neither
डुबो,neither
हलाल,nepali-only
शोध,nepali-only
साहूकार,neither
है-वहीं,neither
औंधे,neither
राजा-सामंत,neither
सीएमएचओ,neither
स्टाफिंग,neither
अंतत,neither
मंत्रालय,neither
मूलतः,neither
जाएँगी,neither
पित्त,nepali-only
धारण,nepali-only
शरू,neither
एयरलाईंस,neither
सम्बन्धी,nepali-only
राजेश,nepali-only
हौंसला,neither
रुकती,neither
अंसारीफ़रवरी,neither
इकाइयां,neither
मानेसर,neither
उपदेश,nepali-only
खिदमत,neither
बढ,nepali-only
विभागीय,neither
डेपो,neither
जितने,neither
वाक्यों,neither
खिलाने,neither
आगाज,neither
समयों,neither
जब-जब,neither
व्यापारिक,neither
सत्संगति,neither
बहाकर,neither
हिंदी,neither
आँकड़ों,neither
सॉफ्टवेयर,neither
ऋषी,neither
संघर्ष,nepali-only
दर्द,nepali-only
कौल,neither
हाड़,neither
सृष्टि,neither
रुपये,neither
जहाँगीर,neither
पैकज,neither
गुप्तचर,nepali-only
नफा-नुकसान,neither
काउंटर,neither
संग,neither
अनजान,nepali-only
किंतु,neither
अंदाजन,neither
शब्द,nepali-only
फिर,neither
हक़ों,neither
मज़ेदार,neither
घीसादास,neither
अनिन्द्य,nepali-only
अपनाने,neither
पीडि़त,neither
टीस,neither
अपनायी,neither
प्रवर,nepali-only
मुस्लमान,neither
आतुर,nepali-only
लालू,neither
ठेले,neither
भौतिकवादी,neither
बीए,neither
आर्डिनेंस,neither
इज़,neither
झुर्रियोंवाली,neither
करायें,nepali-only
डाली।,nepali-only
बह,nepali-only
महालक्ष्म्यै,neither
खत्म,neither
आवेग,nepali-only
माता-पिता,nepali-only
अँग्रेजी,neither
मस्त,nepali-only
ज़रूर,neither
नरेंन्द्र,neither
छिपाकर,neither
मिलती-जुलती,neither
धमकाते,neither
हवन,nepali-only
बताये,neither
समक्ष,nepali-only
ऐसा।,neither
भोगने,neither
बिखरे,neither
लाये।,neither
लाइटें,neither
विशिष्टताधर्मी,neither
टेकी,nepali-only
अंतर्जाल,neither
गाल,neither
समूचे,neither
गन्ना,neither
कार्यपालिका,nepali-only
फाड़कर,neither
रास्ते-भर,neither
पूछताछ,neither
बनो,neither
महत्ता,neither
सचिवों,neither
मजबूर,neither
मशीनें,neither
डबला,neither
अभिषेक,nepali-only
आई।,nepali-only
मज़ाक,neither
कार्ययोजना,neither
नईदिल्ली,neither
योजन,neither
पाताले,nepali-only
कालिमा,nepali-only
बने।,neither
पश्चिम,nepali-only
पीड़िता,neither
कारपोरेशन,neither
क्भी,neither
लड़,neither
लड़ने,neither
बूस्टर,neither
बुझते,neither
रफ़ी,neither
पिफल्म,neither
बिगाड़,neither
बाबरी,nepali-only
जरुरी,nepali-only
क्लियरिंग,neither
बच्चों,neither
बंद।,neither
लगता,neither
कहूँ,neither
सूबे,neither
सब्जियों,neither
ऐसा,neither
कर्ज,neither
घायलों,neither
रखिए,neither
बैठक,nepali-only
समझते,neither
दर-असल,neither
क्षण,nepali-only
जैव-प्रौद्योगिकी,neither
सुनते,neither
कार्ड,nepali-only
जातीय,neither
झाईयों,neither
था।,neither
अवनि,neither
हूँ,neither
धरती,nepali-only
गेंदों,neither
बीसीसीआई,neither
रूस,neither
गुजरते,neither
इन्वेस्ट,neither
जाती,nepali-only
पेशे,neither
रामगढ़,neither
प्रतिनिधियों,neither
श्रमिक,nepali-only
नीरज,neither
गैलरी,neither
आनुवंशिकी,neither
अश्लील,nepali-only
क्लेश,nepali-only
जीवन,nepali-only
आईआईटीआर,neither
मन्वादि-तिथि,neither
इस्मत,neither
कांग्रेसियों,neither
खरीदिए,neither
छात्रवृति,neither
मजूमदार,neither
नही,neither
शुभकांमनाएं,neither
मालीवाल,neither
प्रत्याशियों,neither
बेधडक,nepali-only
अगुडा,neither
उपद्रव,nepali-only
बुधोबरकत,neither
ऑस्ट्रेलियाई,neither
उबटन,neither
कमीज,nepali-only
थिर,nepali-only
मौसी,neither
प्यारी,nepali-only
बांटो,neither
पदस्थ,neither
बढ़ेगी,neither
दिलों,neither
१७६१,numeral/punctuation
चौधरी,nepali-only
भक्ति।,nepali-only
गंवाई,neither
ऑंखें,neither
हेमा,neither
हंसराज,neither
पथ,nepali-only
बिशन,neither
गुफ़ा,neither
उद्गम,nepali-only
डिब्बे,neither
फ़िल्मी,neither
नज़्म,neither
व्यंग्यात्मक,neither
यशवन्त,neither
स्पैनर,neither
नेताजी,neither
तक़लीफ़,neither
प्रसव,nepali-only
लाती,neither
गैर-चुनावी,neither
मिनीलास,neither
अंधाधुंध,neither
पगडंडियों,neither
हिला,neither
ड्राइविंग,neither
ई-विज्ञान,neither
खां,neither
निर्देशित,nepali-only
आश्रितों,neither
दिग्गजों,neither
आयोजित,nepali-only
कबीर,neither
मृदा,neither
बचा,neither
लुका-छिपी,neither
रागों,neither
वासिंदो,neither
विस्तीर्ण,nepali-only
फौज,nepali-only
पुनःप्राप्त,neither
वाकई,neither
ऐश्वर्या,neither
नानासाहेब,neither
स्वामिभक्ति,neither
हर,nepali-only
अंतर,neither
फासीवाद,neither
कुण्डली,neither
जतायी,neither
जूनागढ़-अभिलेख,neither
समरस,nepali-only
मोटी,neither
सहेली,nepali-only
हूँ।,neither
ब्राह्मणों,neither
माइंस,neither
आइना,neither
सर्वाधिक,nepali-only
मरीचिका,neither
लिखने,neither
चिकित्सकों,neither
मसालेदार,neither
करते,neither
कोरा,nepali-only
अंधेपन,neither
पकड़ने,neither
अंबानी,neither
शनिवार,neither
हवाले,neither
बोर,neither
करती।,neither
ध्यावा,neither
गोडसे,neither
नमूने,neither
दिल-दिमाग,neither
दूध-घी,neither
घुस,nepali-only
होलिका,neither
तन,nepali-only
रसायनिक,neither
मुर्दाबाद,neither
खुद-ब-खुद,neither
इमरजेंसी,neither
अभिभावकों,neither
परिष्कृत,nepali-only
पोस्तेड,neither
भुरसी,neither
अवसरवादित,neither
निर्भर,nepali-only
शिंदे,neither
इंदिरा,neither
देशभक्ति,nepali-only
पूछे,neither
ठोकना,neither
तस्वीर,neither
सेठी,neither
छापी,neither
सन्नाटे,neither
कतराना,neither
गरिमा,nepali-only
गंदे,neither
वार्ड,neither
रोला,neither
क्यूं,neither
बोध,nepali-only
बचता,neither
समाप्ति,nepali-only
वाकिंग,neither
पं,neither
ओबामा,neither
बर्थ,nepali-only
फरहान,neither
बनावे,neither
याज्ञवल्ल,neither
षक्ति,neither
फॉर्मेट,neither
चिट्ठयां,neither
परव्रति,neither
प्रधानमंत्री,neither
अटार्नी,neither
पक्षधर,nepali-only
निशा,neither
कहीं।,nepali-only
अंजलीने,neither
बसर,neither
कुल,nepali-only
मैथिल,nepali-only
प्रतिपादित,nepali-only
उद्धान,neither
वन,nepali-only
छिप,neither
सुनिए।,neither
अशांति,neither
सिद्धरमैया,neither
अग्रोहा,neither
ज़ाकिर,neither
गीले,neither
साहनी,neither
पऊवि,neither
मण्डली,nepali-only
दर्रा,neither
खोले।,nepali-only
जलयान,neither
पंडीजी,neither
मूसा,neither
घृतश्राद्धकी,neither
जवां,neither
नौन,neither
रुझान,neither
दुस्स्वप्न,neither
स्वस्थ्य,neither
मूल्याङ्कन,nepali-only
म,nepali-only
गया,nepali-only
कौमों,neither
शरत,neither
घेरा।,nepali-only
मिक्स्ड,neither
चेयरमैन,neither
रुक,neither
विचारणीय,nepali-only
शिवव्रत,neither
ब्रांड,neither
शिविर,nepali-only
स्तव्या,neither
शुमार,neither
प्राणी,nepali-only
पडा,neither
आम,nepali-only
विवाद,nepali-only
भार्इ-भतीजावाद।,neither
संगीन,neither
पढ़ी,neither
सौम्य-गंभीर,neither
अशिक्षा,nepali-only
जयदेव,nepali-only
इतनी,neither
प्रभावी,nepali-only
भीगी,neither
अन्तर्निहित,nepali-only
पर,neither
अर्थों,neither
पाये,neither
शान्तिपूर्ण,nepali-only
खिलाफत,neither
आभा,nepali-only
जमानत,nepali-only
उपमान,nepali-only
लड़े,neither
सुनंदा,neither
विषमताओं,neither
आदाब,nepali-only
भूकम्प,nepali-only
बंगाली,neither
संदिग्ध,neither
फोडता,neither
किंग्स,neither
नेगी,neither
जोसेफ,nepali-only
सिंपल,neither
जिन-जिनसे,neither
छोटूराम,neither
सर्कस,nepali-only
साब,neither
कटाते,neither
मौतें,neither
आड़वाणी,neither
गद्य,nepali-only
विमुख,nepali-only
ग़रीब,neither
टुकड़ों,neither
चढ़ी,neither
ब्लॉग-शहर,neither
मिटे,neither
किल,neither
शाला,neither
विकल्प,nepali-only
मौत,neither
अंबरीश,neither
ढेला,neither
सहज-सहज,neither
इत्मीनान,neither
डिसमिल,neither
लखा,neither
दौर,neither
चोरों,neither
अरुण,nepali-only
थर्राया।,neither
गौड़,neither
वैधता,nepali-only
पत्रिका,nepali-only
कॅरिअर,neither
कहता,neither
सबमे,neither
वार्डरोब,neither
भगवन्नाम,neither
बेचने-बाचने,neither
ख़ास,neither
जायेगी।,neither
सुब्रमण्यम,neither
अंगुलियाँ,neither
गंवाना,neither
ओबेराय,neither
रोषन,neither
फुर्सत,nepali-only
प्रभाव,nepali-only
डी-बूस्ट,neither
असहज,nepali-only
पौराणिक,nepali-only
पाठकों,neither
सैन्य-शिक्षा,neither
गोत्र,nepali-only
स्कूलों,neither
वल्कल,neither
सुधारने,neither
दुरुस्त,nepali-only
विठोबा,neither
किन्हीं,neither
बचाये,neither
अजैव,neither
कूजर,neither
अल्मूनियम,neither
वेलफेयर,neither
शूर्पनखा,neither
गोपसिंह,neither
अच्छा,nepali-only
निपटा,neither
तरपफ,neither
आनंदी,neither
नीम,nepali-only
मेह्बूब,neither
मछलियाँ,neither
मनोहारी,nepali-only
प्रात,neither
बदल,nepali-only
कांकेर,neither
छठ,nepali-only
आठवीं,neither
चुना,nepali-only
बुद्धन,neither
राजगीर,neither
चट्टोपाध्याय,neither
कर्मचारी,nepali-only
चौंके,neither
ग्रेच्युटी,neither
पैटर्न,neither
सकूं,neither
बारी,nepali-only
करीब,neither
पंजें,neither
बढत,neither
ग्रे,neither
अशेष,nepali-only
सरगना,neither
ऑनली,neither
विकीलीक्स,neither
जन-सहयोग,neither
टेरिडियन,neither
निश्चत,neither
पौने,nepali-only
फले,neither
शनाप,neither
लंच,neither
खेंतो,neither
सम्पादक,nepali-only
समाधान,nepali-only
कार्यशाला,nepali-only
उच्चारित,nepali-only
संकलक,neither
महादेव,nepali-only
बरस,neither
धमकाया,neither
सरसों,neither
एंबुलेंस,neither
प्रदेशके,neither
रुक्मणी,neither
कूटना,neither
आशीष,neither
सकती,neither
काफी,neither
प्रलाप,nepali-only
गवाही,neither
सरोथा,neither
उलूम,neither
लूंगा।,neither
अभिनव,nepali-only
खिल,neither
पैक्ड,neither
अपहरणकर्ताओं,neither
कन्या,nepali-only
अनाथों,neither
रूख,neither
गणेश,nepali-only
खनिज,nepali-only
कट्टरता,neither
पैगाम,neither
तास्का,neither
हटाऊंगा,neither
सागर,nepali-only
न्यायालयो,neither
सरासर,nepali-only
कंपाउंड,neither
अनसुनी,neither
सुविधासंपन्न,neither
शौक,nepali-only
कैसी,neither
उछालने,neither
पीडी,neither
वर्षा,nepali-only
आमंत्रित,neither
जिले,neither
फ़ेंकना।,neither
अनुभोक्ता,neither
काटना,neither
राभी,neither
गिनवा,neither
टंग,neither
एम,nepali-only
मित्रो,neither
मनसिक,neither
रिश्तेदारियों,neither
खोदकर,neither
उत्प्रेरित,neither
छल,nepali-only
करनी,neither
सुहृदय,neither
५,numeral/punctuation
दस्तावेजों,neither
मालाएं,neither
फर्मों,neither
गिरोह,nepali-only
अर्थशास्त्री,nepali-only
सप्रे,neither
प्रवीण,nepali-only
पूछता,neither
निर्माताओं,neither
कहनी,neither
प्रियंका,neither
अबसार,neither
बन्ध्यीकरण,neither
इरोम,neither
स्वास्थ्यवर्धक,neither
कलयुग,neither
बोको,nepali-only
काटते,neither
पहियों,neither
काशी,nepali-only
प्रभावशाली,neither
सोयी,neither
अत,neither
हकदार,nepali-only
यातना,nepali-only
बत्तियाँ,neither
विंध्य,neither
रहुंगी,neither
फैक्टरी,neither
करुणा,nepali-only
इम्तिहान,neither
बेतरतीब,neither
बेतहासा,neither
आवें।,neither
तख्तापलट,neither
परीक्षार्थियों,neither
डँसने,neither
भक्त,nepali-only
वायदे,neither
जुबान,neither
दर्ज़न,neither
वैयक्तिक,nepali-only
ताज़ा,neither
बिगड़,neither
पोलियो,nepali-only
मेँ,neither
हिस्सा,nepali-only
जानेवाला,neither
फुटेज,neither
प्राधिकरण,nepali-only
कॉलम,neither
४०००,numeral/punctuation
पूर्ववर्तियों,neither
इन्टरनेट,nepali-only
अबू,neither
आस्ट्रिया,neither
वीर्य,nepali-only
स्टेनो,neither
पायेंगे,neither
जन-जीवन,nepali-only
लड़के-लड़कियों,neither
घपल्ली,neither
कॉस्मेटिक,neither
सब्सिडी,neither
मेयर,nepali-only
एन्जॉय,neither
जेलों,neither
कंधों,neither
लय,nepali-only
मुजाहिद,neither
दुकानो,neither
सिविल,neither
धधकते,neither
दलान,nepali-only
ग्रामोफोन,neither
चाहेगा,neither
छोटकी,neither
छुटे,neither
नीदं,neither
किलोग्राम,nepali-only
लिखकर,neither
रियायत,neither
ग़ायब,neither
संग्रहित,neither
गिटर,neither
है-जिसका,neither
डाइनिंग,neither
मौजूदगी,neither
तले,neither
शोक।,nepali-only
एयरबस,neither
तलाश,neither
नालियाँ,neither
जाएगा।,neither
धोना,neither
उत्तर-पूर्व,neither
ईद,neither
मयूर,nepali-only
अभावग्रस्त,nepali-only
लौटती,neither
मान्यताओं,neither
पूँजीवादियों,neither
पुतलों,neither
डिफेंस।,neither
जमींदारी,neither
युवतियाँ,neither
केन्सर,neither
महन्तों,neither
मिश्री,neither
काज,nepali-only
शेयर,neither
हितके,neither
ढ़ंग,neither
रियक्टर्स,neither
तराने,neither
वालेकुम,neither
वाष्प,nepali-only
लक्जरी,neither
सुनायी,neither
चूहे,neither
नुकीली,neither
विजुअल,neither
गठ्ठर,neither
वजहों,neither
सर्बिया,neither
एरियाना,neither
साधारणत,neither
छोडें,neither
वट,neither
फिजिकल,neither
कृष्णवार्ता,neither
फरार,nepali-only
रोमांस,neither
बूढ़ी,neither
रचनाओँ,neither
माफ,nepali-only
सोलर,neither
चुनने,neither
हसीं,neither
इन्डियन,neither
तपोभूमि,neither
उद्यम,nepali-only
खटका,neither
दिक्कतें,neither
पिंडदान,neither
बखसता।,neither
माणिक्य,nepali-only
असफलता,neither
पर्यटकों,neither
बिगड़ते,neither
टैंक,neither
बयानबाजी,neither
अधूरे,neither
रोज़,neither
छूटे,neither
रूठ,neither
चाहती,neither
दोहरे,neither
सर्वेश,nepali-only
आई,nepali-only
वैवाहिक,nepali-only
हरिहरन,neither
ढोल,nepali-only
हँसे,neither
जी-बिजनेस,neither
हैंडबिल,neither
ख़बरें,neither
आकंठ,neither
खींचने,neither
फ्लाईंग,neither
शाकाहारी,neither
ढुलमुलाते,neither
कपड़ों,neither
रगड़-रगड़,neither
कोवलम,neither
लिखॉ।,neither
क्या-क्या,neither
कोसलनाथ,neither
शाखा,nepali-only
झुंझलाए,neither
सेहरा,neither
पुजारियों,neither
इंडो-ईरानी,neither
मातृभाषा,nepali-only
नर्इ,neither
मैग्नीशियम,neither
ख़ामोश,neither
झूठ,neither
इक़बाल,neither
व्यस्क,neither
नवीनता,neither
गान्धी,nepali-only
बनते,neither
आयरन,neither
अनियंत्रित,neither
इच्छा,nepali-only
इन्क्रीमेंट,neither
बोलचाल,nepali-only
मैत्री,neither
स्क्री,neither
हेयर,neither
सेमी,neither
तपर्ण,neither
होगा,neither
मारूंगा,neither
स्थितियाँ,neither
इन्क्लूसिव,neither
गैस,neither
निंदसे,neither
रहेगी।,neither
देशम,neither
सेंगर,neither
आईसीएसई,neither
जनाक्रोश,neither
यदाकदा,nepali-only
उपायुक्त,neither
धरतीपकड़,neither
कुशल,nepali-only
उपत्य,neither
उपदेशात्मक,neither
हटानी,neither
शतक,nepali-only
बुलाए,neither
विशेषांक,neither
आगामी,nepali-only
दिवंगत,nepali-only
होया,neither
मलेरिया,nepali-only
हुईं,neither
निविदाओं,neither
टिनेंसी,neither
न्यूड,neither
रेल्वे,nepali-only
इन्टरनैशनल,neither
समानार्थी,nepali-only
रजिया,neither
भारतवर्ष,nepali-only
दिखाया,neither
सरजी,neither
आसुरी,nepali-only
सिख,nepali-only
कनिंग,neither
उभर,neither
थामे,neither
घिरते,neither
नींद,neither
नानी,nepali-only
ख़ूबसूरत,neither
अथियार,neither
अहाते,neither
लोकमान्य,neither
यूआईडी,neither
भेट,nepali-only
उठाई,neither
बरकरार,nepali-only
रामचरित,neither
हैॽ,neither
मुहिम,neither
घर-दूकान,neither
नामजद,neither
सूचनाओं,neither
ऑल,neither
निवृत्ति,nepali-only
सम्यग्दृष्टि,neither
फेसबुक,neither
लिंगाकार,neither
ढंकने,neither
ख्यात,nepali-only
एजेंटों,neither
मिलिया,neither
अवतार,nepali-only
बान,neither
अँखियाँ,neither
कहा-ज़रा,neither
मीटिंग,neither
सदगुरू,neither
सपा,neither
छोङकर,neither
साझेदार,nepali-only
बजाना।,neither
भर्ती,nepali-only
महापौर,neither
इकतीस,neither
मेटकॉफ,neither
रहिये।,neither
हुक्मरां,neither
जनाजा,neither
इकाईयों,neither
सिद्धांत,neither
संस्कारी,neither
दिलाना,neither
बजाय,neither
हब,neither
विपुल,nepali-only
सुशांत,neither
हम,neither
लहनासिंह,neither
बड़ी,neither
क्रैश,neither
छोड़ते,neither
बाघ,nepali-only
सुभाषचंद्र,neither
चित्त,nepali-only
छोड़ी,neither
क्रिसमस,neither
परिचय,nepali-only
होगें।,neither
माफ़,neither
मन,nepali-only
इक्छा,neither
बढ़िया,neither
ज़मीन,neither
लाएंगे।,neither
समुह,neither
तन्ज,neither
ईंटों,neither
धोने,neither
जोड़ता,neither
पाव,neither
देती।,neither
जगन,neither
वीपी,nepali-only
अब्बू,neither
मैकडोनल्ड,neither
ईश्वरीय,neither
आयोग,nepali-only
तैरना,neither
भगा,neither
लिखते,neither
सबने,neither
बाएँ,neither
अभ्यावेदनों,neither
रखती,neither
सिंधु,neither
पक्षपात,nepali-only
प्रणालियों,neither
भेजीं।,neither
बिनाका,neither
कंकड़-पत्थर,neither
पाईप,neither
राजकोट,neither
सातवाह्न,neither
मूलर,neither
सामाग्री,neither
अमरशेखर,neither
छांटने,neither
हरिता,neither
सर्वोच्च,nepali-only
दंडवत,neither
भण्डारा,nepali-only
अच्चा,neither
एन्क्लेव,neither
पूछी,neither
गयीँ,neither
रहस्य,nepali-only
मौला,neither
अंतर्ध्यान,neither
धोनी,neither
भागों,neither
कब्ज,neither
ईवीएम,neither
प्रख्यात,nepali-only
फोल्लोवर,neither
एकदिवसीय,neither
अनीष्वरवादी,neither
जताई।,neither
वृतांत,neither
जश्न,neither
मांगनी,neither
चाँद,neither
राजस्थानी,neither
फिरा,neither
लगाती,neither
कागज़,neither
कहकहों,neither
वाकी,neither
सोलह,neither
जुलूस,neither
मल्टी-ब्रांड,neither
ईश्यु,neither
युध्द,neither
हँसते-हँसते,neither
ध्वंस,nepali-only
कतार,nepali-only
तरजीह,neither
दिनभर,neither
याज्ञवल्क्य,neither
सजीव,nepali-only
राऊ,neither
सलामत,neither
प्रधानतया,neither
गुमनाम,nepali-only
रोड़े,neither
लिंक्ड,neither
इराक।,nepali-only
अग्रीम,neither
ढाका,nepali-only
रक्षक,nepali-only
प्लान,nepali-only
निर्देश,nepali-only
महब्बत,neither
शशांक,neither
अचेतन,nepali-only
कम्पोजिशन,neither
शेर,neither
बड़ा,neither
मुकुल,nepali-only
अतिथि,nepali-only
हंसा-हंसा,neither
अगेती,neither
निडाना,neither
वादकों,neither
मुसीबतें,neither
छलकता,neither
गांड,neither
अलबर्ट,neither
गति,nepali-only
फेल,nepali-only
लवलीन,neither
ओटो,neither
जागरूक,nepali-only
अप्रैल,neither
दुकान,neither
हाशमी,neither
दुर्गंध,neither
ड्यू,neither
मिथाइल,neither
दावे,neither
उखाड़ने,neither
खोजनी,neither
रखी।,neither
बच्चियों,neither
निकालते,neither
सम्भालेंगी।,neither
रोमिला,neither
का-सा,neither
फूटा।,neither
अग्नि,nepali-only
एंटी,neither
मात्राएं,neither
दूरियों,neither
उत्तराखण्ड,neither
परीक्षक,nepali-only
कमज़ोरियों,neither
परे,neither
बचकर,neither
सूलियों,neither
चालकों,neither
सिद्व,neither
कास्पर,neither
हेयरस्टाइल,neither
दाद,neither
हाजिर,nepali-only
ठूंसकर,neither
अक्स,neither
असीम,nepali-only
बिगड़ा,neither
पावन,nepali-only
हुआ।,neither
अव्यवस्था,nepali-only
मामले।,neither
राजनाथ,neither
हुकूमत,neither
गध-रचनाएं,neither
महोत्सवों,neither
कर्मकांड,neither
पुरंदर,neither
फुंकने,neither
पाएगा,neither
मध्यप्रदेश,neither
सिगाय,neither
महारत,neither
संस्कॄति,neither
भरना,neither
बढ़ावा,neither
ग्रुप-ए,neither
कठिनतर,neither
मूंह,neither
नीरु-नीमा,neither
विषेशकर,neither
तोड़कर,neither
गुलाब,nepali-only
सालों,neither
वाली।,nepali-only
विषय,nepali-only
हूं।,neither
कोने,neither
जीवांश,neither
कुमुक,neither
आदित्यनाथ,neither
आदेश,nepali-only
चर्नोबिल,neither
प्रतिस्थापित,neither
मुरझा,neither
आज़ाद।,neither
डरने,neither
इंस्टी,neither
पूर्णता,neither
खारी,nepali-only
शारदीय,neither
गुज़रता,neither
अल्फ्रेड,neither
द्वाराप्रायोजित,neither
शास्त्रा,neither
शुभकामनाएं,neither
आउटफिट,neither
उर्फ,nepali-only
क्षुद्र,nepali-only
ज़िंदा,neither
भागवत,nepali-only
कलासाधकों,neither
सियाणा,neither
फरी,neither
नाटककार,nepali-only
भला।,nepali-only
विक्रमी,nepali-only
गुलाबी,nepali-only
उंगली,neither
चौपाटी,neither
बीता,neither
कथा-साहित्य,neither
बाग-बगीचे,neither
आम्र्ड,neither
निरपेक्ष,nepali-only
राशि,nepali-only
पहंसा,neither
पसमांदा,neither
पदार्थे,neither
तलाविया,neither
हराकर,neither
छटा,nepali-only
बताए,neither
बताओ,neither
राजमहल,nepali-only
संक्षेप,nepali-only
ओक,neither
जाम्भोजी,neither
मेथवाड़ा,neither
पैक,neither
सिचाई,neither
कारखानों,neither
कालरा,neither
कमीनेपन,neither
शव,nepali-only
सुनिये,neither
कीड़ा,neither
दीक्षित,nepali-only
नूर,neither
जैकी,neither
गिर्द,neither
धारावाहिक,nepali-only
अनामदास,neither
छेड़,neither
उतसरा।,neither
कालेजों,neither
नपा-तुला,neither
पीला,neither
बाजपेयी,neither
राणा,nepali-only
जिसको,neither
दुनियाभर,neither
हजाम,nepali-only
परिर्वन,neither
हालांकी,neither
दर्शकों,neither
टक्कर,neither
मुखालिफ़,neither
पड़ौसी,neither
निर्दयता,neither
नसीम,neither
राम,nepali-only
स्कीम,neither
समुच्च्य,neither
द्वार,nepali-only
दीपिका,neither
रिकवरी,neither
आशीशों,neither
मिलीलीटर,neither
बचाती,neither
रही-सही,neither
शीर्ष,nepali-only
मशीनों,neither
कारतूस,neither
चौंकाती,neither
आक्रांताओं,neither
अराध्य,neither
नाहक,nepali-only
अन्य,nepali-only
राफ्टिंग,neither
अज्ञानी,nepali-only
पुण्यतिथि,neither
शोधन,nepali-only
दरबारियों,neither
आयोजकों,neither
लेखा-जोखा,neither
पक्षियों,neither
वसा,neither
जलगढ़,neither
कहुं,neither
वैद,neither
सरे,neither
गर्भावस्था,neither
धनवाला।,neither
मोड़,neither
स्तर,nepali-only
एसपी,nepali-only
लोकोन्मुखी,neither
प्रसून,neither
इसरो,neither
महिमामण्डित,neither
बाएं,neither
बंधुआ,neither
दूरबीन,nepali-only
लौटी,neither
गज-दो-गज,neither
अभीष्ट,nepali-only
हत्याएं,neither
इंग्लैण्ड,neither
मासूमियत,neither
सिद्धिदायक,neither
तालाब,neither
हाय,nepali-only
संचयन,neither
हमेशा,neither
लिटल,neither
धर्मग्रन्थ,nepali-only
बनीं,neither
कुर्ता-धोती,neither
चाही,neither
स्ट्रीट,neither
जायें।,neither
प्रस्तुतियों,neither
प्रणम्य,nepali-only
प्रोसैसर,neither
सातवें,neither
जमदूरों,neither
सुलगते,neither
अजमेरवासियों,neither
विश्वंभरा,neither
विंडसर,neither
पहल।,nepali-only
बदायूनी,neither
नारे,neither
हथौड़े,neither
मिट्टी-पानी,neither
गिरने,neither
शिवलिंग,neither
चारु,nepali-only
बिल्डिंग्स,neither
रूला,neither
बुझक्कङ,neither
स्वीकृत्त,neither
बीरबल,neither
स्वीकारता,neither
क़ायल,neither
स्टाइलिश,neither
देथा,neither
अपार्टमेंट,neither
डिजाइनर,nepali-only
लम्बे,nepali-only
सॢवस,neither
घूम-फिर,neither
देवड़ा,neither
ऐलन,neither
गांवों,neither
सदर,nepali-only
विलाप,nepali-only
दामन,neither
मजेदार,neither
बंधे,neither
भाँप,neither
ब्लागों,neither
३०००,numeral/punctuation
खुल्ला,neither
औरतें,neither
उपमा,nepali-only
एचआर,neither
चालक,nepali-only
तैयारियां,neither
प्रेतबाधा,neither
होनहार,nepali-only
लास्ट,nepali-only
काटने,neither
धक्का,nepali-only
सुप्रीमकोर्ट,neither
समन्वयक,neither
फेंककर,neither
निर्देष,neither
बचाया,neither
पड़ेगा,neither
कम्पाऊंडर,neither
पत्रकारों,neither
साइंस,neither
ग्लोबल,nepali-only
फिलाडेल्फिया,neither
कानों,neither
अवरोधों,neither
अमूर्च्छा,neither
जाड़ों,neither
एकतरफा,neither
मामूली,neither
सुन्दरता,neither
देक,neither
आजमाया,neither
दोषपूर्ण,neither
मीणा,neither
इशान्त,neither
घूमेंगे,neither
सुनवाई,neither
रियलिस्टिक,neither
कारोबार,nepali-only
ऍंधेरे,neither
आशा,nepali-only
बबन,neither
वृद्धाश्रम,nepali-only
सहूलियत,neither
बैंगन,neither
संज्ञा,neither
मुज़तर,neither
रोबोट्स,neither
लिलेश्वर,neither
फैन,neither
घुघरी,neither
युनिवर्सिटी,neither
सुनसरी,nepali-only
संचालित,neither
जमानतीय,neither
रचे,neither
गीतों,neither
शिवराज,neither
विधेयक,nepali-only
बनाए,neither
तमाम,nepali-only
विधानमंडल,neither
जनलोकपाल,neither
स्वयंसेवक,nepali-only
पोषक,neither
ब्रायन,neither
चलाने,neither
बरसे,neither
बलार,neither
भडास,neither
गाँवों,neither
प्रदान,nepali-only
पकड़ना,neither
बिस्तर,neither
पूरे,neither
कैप्लर,neither
पर्यटक,nepali-only
बनवारीलाल,neither
पारस्परिक,nepali-only
चच्चे,neither
टीईटी,neither
इज,neither
डांट-फटकार,neither
पटवारी,nepali-only
सातो,nepali-only
कर्जा,nepali-only
बाहुल्य,nepali-only
मोईन,neither
सावन,neither
अंदाजा,neither
चार्ट,neither
उतरती।,neither
भविष्य,nepali-only
करैंसी,neither
जिक्र,neither
सुधारक,neither
जानना,neither
होए,neither
एक्ट,neither
उद्देश्यों,neither
बीकानेर,neither
कोणों,neither
उद्योग,nepali-only
खबरे,neither
लेखकीय,neither
रंगा,neither
बहादुर,nepali-only
महॢष,neither
यदा-कदा,nepali-only
प्रतिबंधक,neither
अनेकों,neither
फार,neither
अक्षय,nepali-only
नं,neither
पहाड़,neither
रखिये,neither
विकल्पों,neither
डेनमार्क,nepali-only
श्रेष्ठ,nepali-only
रजत,nepali-only
बर्रा,neither
कोताही,neither
प्रजाति,nepali-only
सिगरेट,neither
विकियों,neither
मंडराने,neither
लगाऒये,neither
सीखा,neither
परिणत,nepali-only
यथासंभव,neither
रैदर,neither
वर्षो,neither
चौथे,neither
दाने,nepali-only
मूर्ति,nepali-only
नुसरत,neither
कलप,neither
तय,nepali-only
आंखों,neither
डेण्ड्रफ,neither
सजी,neither
अन्तर्गत,nepali-only
हमजा,neither
मौखिक,neither
गदा,nepali-only
व्यक्तिवाचक,neither
वादन,nepali-only
मलिन,nepali-only
दे।,neither
श्रीसंत,neither
कस्बा,neither
अखाबारो,neither
भीड़भाड़,neither
तारापुर,neither
रणनीति,nepali-only
यात्रा,nepali-only
ड्रेसेस,neither
उन्ही,neither
समर्थ,nepali-only
निभायेंगी,neither
लिया।,neither
फारेस्ट,neither
होगीॽ,neither
मोहम्मद,nepali-only
संचालन,neither
चिदंबरम,neither
स्वतंत्रता,neither
वात्स्यायन,neither
तुला,nepali-only
बतौर,neither
आसियान,neither
बीओटी,neither
मदिरा,nepali-only
ओरिजन,neither
दोषों,neither
परतों,neither
धीमे,neither
अपमानित,nepali-only
गोबर,nepali-only
जन्मती,neither
मुहल्लों,neither
ताजा,nepali-only
जनरल,nepali-only
हसरत,neither
हरियाणा,neither
अधोगति,nepali-only
वयोवृद्धों,neither
खतरनाक,nepali-only
सिवा,nepali-only
बीसवीं,neither
अन्तःकरण,neither
महानायक,neither
भौगोलिक,nepali-only
लग,neither
उड़ानें,neither
विस्मय,nepali-only
वीरवार,neither
जागीर,nepali-only
चौड़े,neither
हमसे,neither
मक़सद,neither
पीलापन,neither
स्टूडियो,neither
सारा,nepali-only
समृध्दि,neither
लड़का,neither
रैलियों,neither
कचनार,neither
बहुराष्ट्रीय,neither
ज़हन,neither
सलाहकार,neither
बनाते,neither
ट्रांज़िट,neither
थामते,neither
डगर,nepali-only
यक़ीनन,neither
नकारते,neither
सोनाली,neither
पद-पैसा-सम्मान।,neither
स्वच्छ,nepali-only
फीमेल,neither
त्रिपाठी,nepali-only
डायरियाँ,neither
पक्ष,nepali-only
देखती,neither
अ॒द्घा,neither
रास,nepali-only
नौ,nepali-only
छोर,neither
हंसता,neither
रायशनिवार,neither
छात्रावास,nepali-only
चित,nepali-only
जाल,nepali-only
चर्चित।,nepali-only
दहक,neither
मकानों,neither
आरओ,neither
यूएएन,neither
शान्ति,nepali-only
दरवाजों,neither
रूपेण,neither
लिजीये,neither
वरिष्ठजन,neither
आरुषी,neither
सदा,nepali-only
होगये,neither
स्किल्स,neither
क़व्वाली,neither
दिलो,neither
अव्वल,nepali-only
चित्रकार,nepali-only
कप,nepali-only
जादुई।,neither
घुट्टी,neither
गणना,nepali-only
खैरात,neither
आज़ाद,neither
आरडी,neither
बोरियत,neither
न्यायाधीश,nepali-only
ट्रेडिंग,neither
उन्होनें,neither
सकना,neither
फिल्मी,neither
कविताएं,neither
काबिज,neither
बढ़ाता,neither
आलू,neither
वॉटर,neither
कैंपस,neither
पेय,nepali-only
नक्काशी,neither
नर,nepali-only
बालसी,neither
चरतोज़ा,neither
बस्ता,neither
जायें,neither
चतुर्थी,neither
देवत्व,neither
ताना,neither
क्षति,nepali-only
रामायण,nepali-only
खंड,neither
देवेन्द्र,nepali-only
दिशा-निर्देशों,neither
छोड़,neither
अच्छी,neither
पृष्ठभूमि,nepali-only
जड़ी-बूटियाँ,neither
लपककर,neither
शिक्षाप्रद,neither
लक्ष्मी,nepali-only
बल्ब,nepali-only
सक्षम,nepali-only
ब्राह्याचारों,neither
बेफ़िक्र,neither
लेना-देना,neither
तर्क,nepali-only
साजोसामान,neither
दिखाना,neither
जलप्रलय,neither
श्राप,nepali-only
झगडे,nepali-only
पवन,nepali-only
बाँटने,neither
इशारे,neither
जिया,neither
अंधविश्वासों,neither
चिली,neither
अनुशासन,nepali-only
दत्त,nepali-only
ईमेल,neither
कैपिटल,neither
बदली,nepali-only
करार,nepali-only
मितव्ययी,nepali-only
तलवंडी,neither
उत्साही,nepali-only
सुनवाने,neither
समापन,nepali-only
यानी,neither
उदार,nepali-only
समयबद्ध,neither
हिंदुस्तान,neither
दाता,nepali-only
किन्तु,nepali-only
मुक्ति,nepali-only
पंक्तियाँ,neither
नासमझी,neither
जनजीवन,nepali-only
गुण,nepali-only
सहानुभूति,nepali-only
इनकार,neither
शेप्स,neither
इज़हार,neither
संवत्सर,neither
स्मार्ट,neither
बाईं,neither
दिखायी,neither
इन्कम,neither
छिड़कती,neither
संयोजन,nepali-only
ज़रुरत,neither
कुबूल,neither
घंटाघर,neither
संपन्नता,neither
परछाईं,neither
निभाने,neither
शिया,neither
नामित,neither
सरकारें,neither
ज्योत्स्ना,nepali-only
वर्णित,nepali-only
धुएं,neither
कामक्रीड़ा,neither
हाजी,neither
जिलाने,neither
व्यस्त,nepali-only
ट्रिनिटी,neither
मिलता-जुलता,neither
नोकिया,neither
दिखाई,neither
सेंट्रीफ्यूज,neither
ईसा,neither
राज्यमंत्री,neither
न्याय-संगत,neither
देगा,neither
रिश्तेदार,neither
विलेन,neither
खूखरी,neither
बताकर,neither
नीचे।,neither
न्यायालय,nepali-only
परिवेश,nepali-only
माथे,neither
भजनों,neither
चढ़ना,neither
गौरी,nepali-only
असूस,neither
छुट्टे,neither
वयोवृद्ध,nepali-only
कंपनियोँ,neither
ज्ञात,nepali-only
पेन,neither
रामदास,neither
प्रीमियम,neither
पश्चातापी,neither
खानी,nepali-only
सीता,nepali-only
रत,nepali-only
गैंगरेप,neither
अदभुत,neither
जॉइनिंग,neither
टीएमसी,neither
लौटने,neither
गीत,nepali-only
परिधि,nepali-only
खङी,neither
चीरते-फाड़ते,neither
ऑडेन,neither
झल्ला,neither
जीतनें,neither
विशाखापट्नम,neither
आकर,neither
संपादन,nepali-only
जीवनी,nepali-only
होंगीं,neither
बाढ़,neither
अधीनस्थ,nepali-only
गन्दा,nepali-only
मंत्रोच्चार,neither
ओलंपिक,neither
विश्वस्त,nepali-only
रिपोर्टिंग।,neither
दरवाजा,neither
प्रतिनिधित्व,nepali-only
जहाज़,neither
स्वीकारा,neither
बेंगलूर,neither
रहना।,neither
नफरत,neither
नुक्सान,neither
अटैक,neither
ऊचाइयों,neither
थाट,neither
काफिला,neither
पढ़कर।,neither
सतर्कता,neither
शॉपी,neither
सन्नाटा,nepali-only
बरसों,neither
रामपाल,neither
बहरहाल,neither
फोर्ट,neither
प्रतीकों,neither
तिब्बत,nepali-only
बोला।,neither
भूलने,neither
गणोश,neither
सीरीयल,neither
घटनाक्रम,nepali-only
कैद,nepali-only
स्थिर,nepali-only
सदस्यों,neither
इंच,neither
आजाद,nepali-only
देखकर,neither
ओल्ड,neither
काबिल,nepali-only
परिवहन,nepali-only
कविता।,nepali-only
नाट्यशास्त्र,neither
दरवाज़े,neither
लोग,neither
दिखाता,neither
ज्वाइनिंग,neither
गवर्नर,neither
अवधारणाओं,neither
बुकलेट,neither
पूँछ,neither
होलीमय,neither
आलम,nepali-only
नाले,nepali-only
एमआईएम,neither
तुम्पूरमूऴि,neither
११,numeral/punctuation
उप-राज्यपाल,neither
ने,neither
हहुआए,neither
राजेंद्र,neither
बगले,neither
प्रेस,nepali-only
दीजिए।,neither
पूर्वक,nepali-only
इमानदारी,nepali-only
गुरुद्वारा,neither
टेम्पलेट,neither
रद्दकरण,neither
रोकगा।,neither
जंग,neither
विश्वेश्वरैया,neither
उस्ससे,neither
पहुंचती,neither
पायलट,neither
उतपीड़न,neither
वार्ष्णेय,neither
योगाश्रम,neither
बम्बर्इ,neither
मनःशान्ति,neither
विवाहों,neither
परिचायिकाओं,neither
शुल्क,nepali-only
आपबीती,neither
लोकाचार,nepali-only
पंसद,neither
जनसंख्या,neither
कालिदास,nepali-only
त्यागपत्र,neither
बाँह,neither
मुर्गियों,neither
एजन्सीयों,neither
मस्तक,neither
जरूरी,neither
हुये।,neither
भरपूरी,neither
विकलांगता,neither
घ्वनि,neither
पोस्टिंग,neither
बेशर्मी,neither
ख़ुश,neither
त्रिमुख,neither
निकलोगे,neither
लिमिटेड,nepali-only
असामान्य,nepali-only
आकृतियों,neither
अकेले,neither
केवल--जीवन,neither
बड़े,neither
कंटिमेटेड,neither
पुरातन,nepali-only
खेलते,neither
आतंकवादी,neither
स्वंय,neither
ज़िम्मेदार,neither
संत्रास,neither
रणनीतियों,neither
पक्का,nepali-only
इन्नां,neither
ड्रॉप,neither
देवगन,neither
जाले,nepali-only
थोपना,neither
सबपे,neither
हिल,nepali-only
रवे,neither
गुदगुदाता,neither
जरूरत,neither
खलनायक,nepali-only
चैक,neither
नक्षत्र,nepali-only
तम्बाकू,neither
भ्रमण,nepali-only
प्रोपफेसर,neither
विज्ञान,nepali-only
मॉर्टगेज,neither
फ़िशर,neither
निबंध्,neither
स्पेसही,neither
त्यागना,neither
नाईन,neither
प्राइमरी,nepali-only
गीतकार,nepali-only
ॐकार,neither
रुद्रः,neither
अदिति,nepali-only
बड़ी-बड़ी,neither
जनन-क्षमता,neither
खोलना,neither
चन्द्रबाबू,neither
दिनकर,neither
महिष्मती,neither
इंतज़ार,neither
काग़ज़,neither
मैक्ग्रेगर,neither
२०१५,numeral/punctuation
सीरियल,neither
ऑक्साइड,neither
मंजुल,neither
बेइज्जत,nepali-only
लक्ष्ण,neither
दूसरासोमवार,neither
रथ,nepali-only
रिस्क,neither
कोटे,nepali-only
निर्मुक्त,nepali-only
०,numeral/punctuation
सर्वप्रथम,nepali-only
पगली,nepali-only
तो,neither
सिफारिशें,neither
टच,neither
फेवरेट,neither
अंशों,neither
एजेंसियों,neither
आय,nepali-only
भट्टाचार्य,nepali-only
मात्रकों,neither
षष्ठी,neither
फौजी,nepali-only
धृतराष्ट्र,neither
सिवनी,neither
अजीज,neither
अछूती,neither
प्रसंन्न-चित्त,neither
बांकुरों,neither
भीख,nepali-only
शक्तिओ,neither
खड़ी,neither
मोड़कर,neither
भदर,neither
गाए,neither
बेमानी,neither
ट्रैक्टर-ट्राली,neither
प्रचालक,nepali-only
शूटिंग,neither
ज़िन्दगी।,neither
किशोर,nepali-only
कॉल,neither
द्वैत,nepali-only
समतुल,neither
डायरेक्टर,neither
वॉल्टर,neither
नही।,neither
समूचा,neither
पाऊंगा।,neither
मेलोडी,neither
प्रत्यायोजित,nepali-only
भागलपुर,neither
राजामौली,neither
होरिजोंटे,neither
प्रशांत,neither
व्यंजन,neither
खाना-पीना,neither
सामंजस्य,neither
सीआरपीएफ,neither
मकोड़ों,neither
पिछड़े,neither
बादल,nepali-only
धरोहर,nepali-only
इरादा,nepali-only
बिखरना,neither
फांसी,neither
लगेः,neither
कार्यभार,nepali-only
स्टानफोर्ड,neither
दरभंगा,neither
खोंमचे,neither
करूंगी,neither
विशेषताएं,neither
उपचारों,neither
चबाते,neither
असंगठित,neither
कोस,nepali-only
बच्ची,nepali-only
श्रद्धांजली,neither
सकने,neither
बड़कू,neither
एप,neither
सार्त्र,neither
पछताओ,neither
उपनगर,neither
बांज,neither
नेताओं,neither
सकेगा।,neither
डालीगंज,neither
सुझाया,neither
हिन्द,neither
सृजित,nepali-only
बेबुनियाद,neither
कुंवर,neither
घाटी,nepali-only
अभ्यर्थी,nepali-only
अक्षांशीय,neither
दर्शाते,neither
कार्यालय,nepali-only
पार्श्वगायक,neither
खतम,nepali-only
डाकण,neither
मनमानी,nepali-only
करीबी,neither
ध्रुव,nepali-only
दीवान,neither
खोकर,neither
सूप,neither
रोमांच,neither
इस्लाम,nepali-only
जेल,nepali-only
तिलमिलाई,neither
गाँव-के-गाँव,neither
चाहता।,neither
संस्कृति,nepali-only
ताजिकिस्तान,neither
फएलुन।,neither
माद्ध्यम,neither
लाहौर,neither
ही।,neither
गीतरूप,neither
मूँगा,neither
समझा,neither
हटा,neither
चीज़ों,neither
आईडी,neither
ब,neither
वैश्विक,neither
कम्फर्टेबल,neither
फोरलेन,neither
साहसिक,neither
फलों,neither
छिछली,neither
संशोधन,nepali-only
पीआरपी,neither
पांडे,neither
सर्वे,nepali-only
गगनताल,neither
जगमगाती,neither
ऐटिट्यूड,neither
पत्रिकाओं,neither
कुछ।,neither
उपचार,nepali-only
सुच्चा,neither
निदान,nepali-only
टुकड़े,neither
उत्तार,neither
चाहते।,neither
लम्हा,neither
जातीं,neither
मकान,neither
विभागाध्यक्ष,nepali-only
चेले,neither
संलग्नचक्र,neither
अघोर,nepali-only
विचलित,nepali-only
थोर,nepali-only
विभूषितम,neither
अनन्य,nepali-only
लोकसंस्कृति,neither
ग्वालासागर,neither
लब,neither
बर्बर,nepali-only
बैठीं,neither
साम्राज्य,nepali-only
सुवन,neither
फायदा,neither
मृतका,neither
५-६,numeral/punctuation
इसके,neither
रोगों,neither
हीरों,neither
घुसा,nepali-only
देवता,nepali-only
किस,neither
डगमगाता,neither
स्टेडियम,nepali-only
स्कंध,neither
आंसू,neither
जीआरपी,neither
फैलता,neither
प्वाइंट,neither
वेयर,neither
चुनो,neither
प्रोटेक्ट,neither
फिदा,neither
सफाई,neither
धिसने,neither
हीं,neither
उलझाव,neither
बुद्धों,neither
कैंडिडेट,neither
बदती,neither
राल,nepali-only
कुरसी,neither
मस्जिद,nepali-only
ख़त,neither
मारा।,neither
कलामुद्दीन,neither
हार,nepali-only
वर्डप्रेस,neither
धरना,neither
खर्चे,neither
जिम्मेबार,neither
सीमित,nepali-only
बनाम,neither
कंफ़र्ट,neither
भाष्य,nepali-only
डिस्को,neither
भौंकने,neither
रंगमंच,neither
बदनामी,nepali-only
निजामशाही,neither
जहन,neither
बजकर,neither
मरजीवा,neither
सानी,nepali-only
मरें।,neither
कच्चे,neither
लाख,nepali-only
पते,neither
मनीषा,nepali-only
पहुँचाए,neither
कम्पनियों,neither
इच्छाशक्ति,nepali-only
प्राधिकारी,neither
धाराएं,neither
चार्जशीट,neither
विनित,neither
कैलाश,nepali-only
खुला।,nepali-only
स्वजातीय,neither
यॉर्क,neither
तारीफें,neither
आत्मरक्षा,neither
शक्तियों,neither
कुंआरी,neither
मनोवैज्ञानिक,nepali-only
अधिकता,neither
पीड़ा,neither
सोनिया,neither
उनको,neither
लोकेशन,neither
इनेलो,neither
कृषक,nepali-only
तहज़ीब,neither
फायदेमंद,neither
जुते,neither
उन्हीं,neither
अनूपजी,neither
३,numeral/punctuation
प्रचारक,nepali-only
इसलिये,neither
कम्युनिस्ट,nepali-only
इलेक्ट्रॉक्युशन,neither
भिन्न,nepali-only
टेक्नीकल,neither
स्थापत्य,neither
धर्मनिरपेक्ष,neither
हमलोग,neither
गोई,neither
बीमारी,neither
मैम,neither
पिलाओ,neither
हुज़ूर,neither
रवीन्द्रनाथ,neither
लिंडहेगन,neither
दर्रों,neither
झोलाछाप,neither
जायेगें।,neither
जुटा,neither
हड़ताल,neither
पसंद,neither
सर्वनाश,nepali-only
आलोचनात्मक,neither
बिरंगी,neither
लकीरों,neither
सेवादार,neither
तार्किक,nepali-only
निर्बाध,nepali-only
हमारे,neither
निस्संतान,neither
आदतों,neither
संस,neither
फ्लैगशिप,neither
एकला,neither
माध्यम,nepali-only
जय,nepali-only
गंडासे,neither
मायारुपी,neither
कि,nepali-only
लिफ्ट,nepali-only
अशुद्धियाँ,neither
भूरे,neither
दिव्यनारी,neither
विश्वविद्यालयों,neither
दिवस,nepali-only
प्याला,nepali-only
आकांक्षी,neither
शताब्दी,nepali-only
पुरोबंध,neither
सिलावट,neither
बादलों,neither
थी,neither
मसलन,neither
प्रौद्योगिकी,neither
पृथक,nepali-only
होटलों,neither
विंग,neither
शिक्षकों,neither
नैरेटर,neither
उपन्यासों,neither
उसका,neither
उग्रता,neither
संबंधी,neither
डॉक्टौरेट,neither
सक्रियता,neither
लच्छेदार-आलंकारिक,neither
निवावरण,neither
संबंध,neither
इन्कलाब,neither
यूज,neither
चइता,neither
वर्ण्य,nepali-only
अभिकल्पित,neither
लूँगा,neither
लुईस,neither
उजागर,nepali-only
बराबरी,nepali-only
आपकों,neither
बरसातों,neither
अखबरों,neither
अंजाम,neither
अर्द्ध,neither
हैंगआउट,neither
छूट।,neither
घटती-बढ़ती,neither
कागज-कलम,neither
उन्मुख,nepali-only
क्लिपिंग,neither
टिप्पणी,nepali-only
भयानकता,neither
घंटा,neither
समीकरण,neither
सीताराम,nepali-only
जाए।,neither
कार्यदिवसों,neither
बीएमसी,neither
लाने-ले,neither
ढांचागत,neither
रह,nepali-only
हविर्धनी,neither
पीठ,neither
अंश,nepali-only
दिया।,neither
डाप्लर,neither
प्रसंग,neither
दोगुने,neither
उज्जैन,nepali-only
ऐसी,nepali-only
ब्रेकन,neither
दाना,nepali-only
ठेल-ठेलानानन,neither
चेतावनी,nepali-only
विच,neither
बासी,nepali-only
बयां,neither
खुदाओं,neither
नवाज़,neither
खंडपीठ,neither
प्रवासी,nepali-only
अंतर्निहित,neither
समाधिस्थ,neither
मुक़दमा,neither
खोने,neither
हुइबे,neither
चूल्हा,neither
राधा,nepali-only
तुमसे,neither
चाहें,neither
मणि,neither
मिलावटखोरों,neither
अफजाई,neither
संपत्ति,neither
उठ,neither
निकटवर्ती,neither
नितम्ब,nepali-only
पड़ी।,neither
अनुष्का,neither
रात-दिन,nepali-only
जगदीशन,neither
मंदबुद्धि,neither
आर,neither
उलझा,neither
खुशबूदार,neither
सम,nepali-only
दिसंबर,neither
ठीक,nepali-only
उठायी,neither
रोशनदानों,neither
पटनायक,neither
गूदे,neither
४८,numeral/punctuation
जवाबदेह,neither
शीर्षकों,neither
सेटेलाइट,neither
फ़ौज,neither
कोष,nepali-only
तड़पकर,neither
प्रेषक,nepali-only
समुंदरों,neither
गुलबहार,neither
कपडा,nepali-only
मधुशाला।,neither
प्रवचनस्थल,neither
मन्त्रों,neither
प्रयुक्त,nepali-only
बुजुर्गों,neither
रचा,neither
होम्योपैथी,neither
हाउ,neither
पुराने,neither
तलाशा,neither
जानी,neither
अस्सीं,neither
निखार,nepali-only
लुक्स,neither
लॉगिन,neither
प्रबंध,neither
राजपथ,nepali-only
गाना,nepali-only
बटन,nepali-only
बढ़कर,neither
किडनी,neither
विडोज़,neither
इंदौर,neither
क़रीब,neither
पदार्र्थो,neither
कस्बों,neither
स्कलेरोटीनिया,neither
प्रतिवादी,neither
नीचे,neither
नक्सली,neither
मिलूंगा।,neither
समुदाय,nepali-only
ज़ुबान,neither
पहुंचता,neither
सदस्यस,neither
शुष्क,nepali-only
संसारी,nepali-only
जर्दी,neither
जाए,neither
गये।,neither
अहंकारी,neither
उद्ग्रहण,neither
प्रिविलेज,neither
कपाट,neither
दबे-कुचले,neither
करते।,neither
चीरहरण,neither
धमाके,neither
पॉकिट,neither
वस्तु,nepali-only
रेशम,neither
खामियों,neither
न्युटन,neither
रहेंगी।,neither
फर्मा,nepali-only
नतीजा,neither
भवानीपुर,nepali-only
आवष्यकता,neither
अनुसूचित,nepali-only
उत्प्रेरणा,nepali-only
इंसास,neither
बिकती,neither
सामाजिकता,neither
सन्देह,nepali-only
निर्मम,nepali-only
योगदान,nepali-only
उत्तरों,neither
कुंठा-ग्रस्त,neither
एन्वायर्नमेंटल,neither
निर्देशक,nepali-only
कूदेंगे।,neither
भोलाराम,neither
जिनसे,neither
वादी,nepali-only
जाननी,neither
भयभीत,neither
रौब,neither
तीक्ष्णता,neither
जल्दी,nepali-only
फ़ायरफ़ॉक्स,neither
आईआरसीटीसी,neither
प्रभारी,nepali-only
मात्स्यिकी,neither
कॄषि,neither
फिनॉमिना,neither
मारकर,neither
मनोवांछित,neither
पफोटो,neither
उसमें,neither
नारियल,neither
बाहुबल,nepali-only
रेगियाने,neither
कुलदीप,neither
शर्ट,neither
चुनें,neither
बनें,neither
उठाने,neither
खून,neither
इराक,nepali-only
रखी,neither
नैतिकता,neither
अबराहम,neither
निराकरण,nepali-only
बोलनेवाला,neither
पाश्र्व,neither
छू,neither
ॲप्लिकेशन,neither
ॠषियों,neither
सुनेंगे,neither
दर,nepali-only
महिलाएं,neither
स्टेसन,nepali-only
एटीट्यूड,neither
अगस्त्य,nepali-only
जेनेवा,neither
दशमी,nepali-only
दिक्कत,neither
विपरित,neither
दान,nepali-only
फटती,neither
कचरे,neither
वणों,neither
निचले,neither
सनीफ,neither
मोण्टेगामा,neither
अन्वेषण,nepali-only
प्रतिरूप,nepali-only
मैनहोल,neither
सरसंघचालक,neither
स्विटजरलैण्ड,neither
जुबली,neither
एसी,nepali-only
जोख,neither
चुफाल,neither
ताने-बाने,neither
विषाक्त,nepali-only
सर्वत्र,nepali-only
माधवन,neither
सूझ,neither
भतीजे,neither
एकाउंट,neither
कहा।,neither
ब्लौगर,neither
वक्त्व्य,neither
सशंकित,neither
लेटा।,neither
चाल्र्स-कैमिला,neither
मेघ,neither
आदिम,nepali-only
पढी,neither
रंजीत,neither
मनोविज्ञानी,neither
अज़ीब,neither
तेंदुलकर,neither
एल,nepali-only
वात्सल्य,nepali-only
मिर्च,neither
अय्याशी,neither
घूम,neither
जज्बाजी,neither
छंद,neither
बेबस,neither
बड़े-बड़े,neither
फिसड्डी,neither
बोलोगे,neither
खपत,nepali-only
२००८,numeral/punctuation
कविताएँ,neither
हममें,neither
बाजारों,neither
मिसिर,neither
बढ़े,neither
दौरे,neither
खामोश,neither
ठो,neither
जमीन-जायदाद,neither
सकूं।,neither
फुटपाथ,nepali-only
खुसरों,neither
सामयिक,nepali-only
छवि,nepali-only
छुटकर,neither
फ्रूट्स,neither
जानकारों,neither
निकली,neither
एन्क्रिप्शन,neither
अजमेर,neither
राष्टीय,neither
सम्मिश्र-चित्रण,neither
पुष्प,nepali-only
आवाज़,neither
ऐसे,neither
प्रभावों,neither
गुरूवार,neither
आचमन,nepali-only
फिल्म,nepali-only
चाहती।,neither
क़ासिम,neither
औपचारिकतायें,neither
अनगढ़,neither
रेलों,neither
यंत्रों,neither
जिनको,neither
शर्मा,nepali-only
ज्ञानजी,neither
माडो,neither
सेक्टरों,neither
घिरी,neither
भुट्टे,neither
अकबर,nepali-only
कामरेडों,neither
बरखा,neither
कक्षाओं,neither
निर्देशिका,neither
जाऊँगा।,neither
तहों,neither
पहुँचती,neither
रखना,neither
शो,neither
दुर्रानी,neither
क्रोंच,neither
वैग्यनिको,neither
पहुंचना,neither
दारिद्र्य,neither
थोड़ी,neither
नव-उदारवाद,neither
साइबर,nepali-only
उभरे।,neither
औरंगाबाद,neither
ऐबक,neither
थुरूर,neither
कहॉं,neither
संस्मरणो,neither
नगाड़ा,neither
पागलों,neither
उपजी,neither
लगतार,neither
आईसैट,neither
लोथडा,neither
प्रबुद्घ,neither
कार्पोरेटों,neither
उतारता,neither
चरणदास,neither
स्थानों,neither
विपक्ष,nepali-only
नीलकंठ,neither
सुकुमार,nepali-only
सौंफ,neither
प्रगतिशील,neither
अनवरत,nepali-only
थे-राम,neither
साधने,neither
सिपाही,nepali-only
गोलू,neither
जताई,neither
छक्कों,neither
बक,neither
साइट्स,neither
सन्स्मरण,neither
कटी।,neither
केम्ब्रिज,neither
आत्म,nepali-only
अपराधों,neither
बड़ी,neither
बाक़ी,neither
वनस्पति,nepali-only
आहत,nepali-only
सस्ते,neither
बुलवाता,neither
रत्न,neither
फिरता,neither
आहट,neither
चढ़ाई,neither
अंधापन,neither
बवाल,neither
असुंदर,neither
बहाया,neither
प्रमाणस्वरूप,neither
व्यंकटमखी,neither
हाइडी,neither
वैश्वीकरण,neither
लॊक,neither
सौंदर्यीकरण,neither
आदमियों,neither
पोहे,neither
मामला,nepali-only
पिछली,neither
क्यूकी,neither
वामन,nepali-only
गुफ़ा,neither
वोटों,neither
पार्टियों,neither
अनादि,nepali-only
विश्लेषकों,neither
हिलोर,neither
काहे,neither
ज़बान,neither
मनोहर,nepali-only
सावरकर,neither
मौलिक,nepali-only
सुशोभित,nepali-only
छोड़ते।,neither
क्षुब्ध,nepali-only
परवीन,neither
खुशामदगी,neither
प्रखर,nepali-only
रोज,nepali-only
राजकीय,nepali-only
ॠण,neither
चढ़ा,neither
निम्नलिखित,neither
अकल,nepali-only
साथ-साथ,neither
ग़लती,neither
सोचती,neither
ठेस,nepali-only
रूपांतरित,neither
मास,nepali-only
भड़क,neither
प्रदीप,nepali-only
मेहनत-मजदूरी,neither
रक्खे,neither
नीतियां,neither
सुधा,neither
निरक्षरों,neither
तर्कशक्ति,neither
हिसाब,nepali-only
ऋणदाताओं,neither
मुफ्त,neither
लटके,neither
रचनावों,neither
सलीका,neither
बचोगे,neither
कीचड़,neither
अराजनीतिक,neither
जबकि,neither
मध्यान्ह,nepali-only
जुर्रत,neither
कतराते,neither
प्राइस,neither
पड़ती,neither
प्रतिबध्दता,neither
मरीजों,neither
कभी-कभार,neither
मेहंदी,neither
सर्दियों,neither
मरना,neither
सप्ताहांत,neither
आएगी।,neither
दैन,neither
बद्ध,nepali-only
शक्तियां,neither
चाँचरी,neither
खरी-खोटी,neither
उपहास,nepali-only
मान्यता,neither
संगमरमर,neither
बिखर,neither
मूर्छा,neither
लेखक,nepali-only
जाटों,neither
जनगणना,nepali-only
जब्बार,neither
सुख-सुविधाएं,neither
बोस्निया,neither
शुंग-गुप्त,neither
सदस्यता,nepali-only
बुशर्ट,neither
अमल,nepali-only
टब,neither
साम्हना,neither
शाहरुख़,neither
पश्चाताप,nepali-only
तोडने,neither
खच॔,neither
विश्वा,neither
क्लीन,neither
मस्तिष्क,neither
बागान,neither
जायदाद,neither
कानासर,neither
रपट,neither
सुनकर,neither
हद,nepali-only
सती,nepali-only
संभाग,neither
वीरेंद्र,neither
चिड़िया,neither
शुभम,neither
करतार,neither
यास्नाया,neither
सुदेव,neither
बटाने,neither
उजाडा,neither
गरीबों,neither
चन्दन,nepali-only
कष्ट,nepali-only
मिलते-जुलते,neither
उम्रकैद,neither
आंखें,neither
किनारे,nepali-only
चिल्लाये,neither
आज़मगढ़,neither
त्रिवेदी,neither
प्रोडक्शन,neither
भुगतान,neither
पप्पू,neither
पशुपालन,nepali-only
अधिकारीयों,neither
स्टर्निंग,neither
नंदकिशोर,neither
प्रतिज्ञा,nepali-only
दन,neither
फाइन,neither
घोषणाओं,neither
शिवमूर्ति,neither
सीडी,nepali-only
चॉको,neither
संगी,neither
संशिलष्टता,neither
फैसले,neither
प्रवास,nepali-only
मन्तरो,neither
एही,neither
मुश्किलें,neither
गौने,neither
छापों,neither
वाम-सरोकारों,neither
इंजेक्शन,neither
पपीते,neither
इंडियन,neither
हलकापन,neither
अनारक्षित,neither
पंडित,neither
निपटारे,neither
नरसिंहगढ़,neither
मेडिकली,neither
कुछ-कुछ,neither
सबक,nepali-only
सुलगाने,neither
खालीपन,neither
शैलजा,nepali-only
जीवानन्द,neither
अफ्रीका,neither
लखन,nepali-only
बाधित,nepali-only
बढ़ेगा,neither
निराश्रितों,neither
फंड्स,neither
चॉक,neither
धुरी,nepali-only
तेज़ी,neither
केवल,nepali-only
अपर्याप्त,nepali-only
सिन्धु,nepali-only
ऊंच्च,neither
असमानता,neither
गांधीवादी,neither
भाईयों,neither
सुन,nepali-only
दिखला,neither
आश्वासनों,neither
ब्यूरो,nepali-only
एमएसएमई,neither
बिन्यामीन,neither
सबसिडी,neither
संकल्प,neither
सहलाया,neither
आश्रमों,neither
खामियां,neither
डर,nepali-only
भावी,nepali-only
सांगवान,neither
विजयलक्ष्मी,neither
आमीर,neither
जमी,neither
राइटर,nepali-only
समग्रत,neither
दो।,neither
बैठी,neither
उपभोग,nepali-only
पहुंचेंगे।,neither
अवधेश,neither
जापान,nepali-only
बेहद,nepali-only
नदा,neither
बंदे,neither
सबूरी,neither
खाए,neither
मजलिस-ए-इत्तेहादुल,neither
अवयव,nepali-only
मूलभाव,neither
दयालदास,neither
भूलकर,neither
लॉबिंग,neither
अपनो,neither
कद्र,neither
विकसाशील,neither
क्षेत्रों,neither
हैरत,neither
प्रफोमेंस,neither
छुपाने,neither
क्रिएट,neither
धोखेबाज,neither
केसरी,nepali-only
सीनियर,neither
चंदू,neither
ताई,nepali-only
कीजिए,neither
एनीमिज्म,neither
सौ-सौ,neither
भगवत्स्वरूप,neither
फाँसीघर,neither
इंडोसेट,neither
लाकर,neither
चीज,nepali-only
लाम,nepali-only
मैक्ग्राथ,neither
मार्केट,neither
ल्वन,neither
हिंदुत्व,neither
डाली,nepali-only
महनीय,nepali-only
ज़रूरतों,neither
राजीव,nepali-only
व्यंजित,neither
बड़े-बड़ों,neither
धंधे,neither
सस्पेंड,neither
नाचने,neither
कुर्तेवाले,neither
हंसती,neither
अग॰,neither
लोमता,neither
राष्ट्रीय,neither
बजरंगी,neither
मांओं,neither
आवश्यलक,neither
अनापानसती,neither
आएँ,neither
लड़कियों,neither
इजाजत,nepali-only
दीपों,neither
रसोई,neither
मनोज,nepali-only
तोड़ने,neither
लाफ्टर,neither
तियुरियाऽ,neither
कम्युनिटी,neither
रूबरू,neither
शंघाई,neither
परफॉर्मेंस,neither
गोमूत्र,neither
साँझे,neither
मुरझाने,neither
अमरनाथ,neither
मुम्बई,nepali-only
सुधारों,neither
देशों,neither
दिवालिया,nepali-only
उझानी,neither
जिंदा,neither
बताते,neither
थीम,neither
निश्चयीभाव।,neither
पर्दाफाश,neither
सीना,neither
दर्शाई,neither
फोड़े,neither
एसा,neither
फुलर,neither
अधिनियम,neither
हिन्दुओं,neither
पांख,neither
स्टेंड,neither
नवसंचार,neither
मेरिट,neither
नेस्तनाबूत,neither
कोर्स,nepali-only
साम्यवादी,nepali-only
सरके,neither
नीमदेवजी,neither
उद्दोगों,neither
अब्दाली,neither
इलाह,neither
ब्लडप्रेशर,neither
जन,nepali-only
कैदियों,neither
मंजूषा,neither
थोड़ा,neither
लोकसभा,nepali-only
ऊभ,neither
एक्सक्लूसिव,neither
लडक़े,neither
बूंदें,neither
खन्ना,neither
मिलाता,neither
शर्समा-साबिर,neither
सकते,neither
मानचित्रों,neither
सात,nepali-only
पैमाने,neither
वनडे,neither
लाइंस,neither
अतुल,nepali-only
फैलते,neither
टीपीए,neither
परमेश्वर,neither
जहां,neither
अर्पण,nepali-only
निकलेगा।,neither
लिनेक्स,neither
श्रद्धांजलि,neither
झोपड़पट्टियों,neither
मीर,neither
छोड़ेगा,neither
खादों,neither
मजबूती,neither
थका-हारा,neither
फ़रवरी,neither
आठो,neither
पूर्णिया,neither
अदाओं,neither
गजनंदनलाल,neither
उलझन,neither
लुभावने,neither
फ्लैम-बॉएंस,neither
श्रद्धालुओं,neither
हर्षे,neither
भारतीय,neither
जीते-जी,neither
सूखने,neither
किसिंग,neither
ब्रदर्स,neither
होमियोपैथी,neither
जोड़ता,neither
अवार्ड,nepali-only
इब्राहिम,neither
क्रियापरक,neither
जाकिर,neither
डाँक्टर,neither
यादो,neither
इल्लल्लाह,neither
जाती।,nepali-only
छोड़ने,neither
ढूंढते-ढूंढते,neither
ख़रीदा।,neither
मैदानगढ़ी,neither
करें।,neither
जोड़ीदार,neither
पोले,neither
एडरेस,neither
भोजन,nepali-only
महिलायें,neither
मिले।,neither
चाहीये।,neither
एसएलयू,neither
इलाज,nepali-only
गैर-अनुभवी,neither
होतो,neither
स्पीति,neither
अंदाज़ा,neither
करने,neither
नेकर,neither
लमही।,neither
अफगानिस्तान,nepali-only
रंगों,neither
सतना,neither
नाकाफी,neither
युगल,nepali-only
एसएचओ,neither
पैसों,neither
गोलीबारी,neither
सुनाया।,neither
युद्व,neither
४५,numeral/punctuation
रिफाइनरियों,neither
दृष्टि,nepali-only
संता,neither
धमनियों,neither
थू।,neither
अधिनियम।,neither
द्वंद्व,neither
मेगा,neither
जितनी,neither
पचकौड़ी,neither
चाह,nepali-only
एकत्र,nepali-only
छपी।,neither
स्टार्च,neither
डालता।,neither
मे,neither
बदसूरत,neither
अल्पसंख्यकों,neither
फैलाती,neither
नियमानुसार,neither
अहिंसक,nepali-only
चौहान,nepali-only
लिस्ट,nepali-only
२५०००,numeral/punctuation
सम्मानित,nepali-only
नैनोमेडिसिन,neither
ज्वैलरी,neither
अनाज,nepali-only
समन,nepali-only
बस्तियों,neither
रहन-सहन,nepali-only
नाट,neither
गर्मी,nepali-only
सामग्री,nepali-only
जुलाई,neither
महंगी,neither
बलजीत,neither
प्रातःकाल,neither
छुपा,neither
बीजू,neither
शिरोमणी,neither
प्रबंधकों,neither
लकडी,nepali-only
लैपटाप,neither
डीपीआरओं,neither
पंच,neither
जोडऩा,neither
आप्रेशन,neither
जुड़ी,neither
यशस्वी,nepali-only
हादसों,neither
हैसियत,nepali-only
समझाया,neither
पड़े,neither
पुर्जे,neither
कंप्यूटर,neither
तबाह,nepali-only
दिबाकर,neither
कैंपेन,neither
विवेक,nepali-only
भारतके,neither
रजपतिया,neither
संकुचित,neither
लेबलों,neither
गयी।,neither
ब्लाग,neither
शाखायें,neither
त्वचाएं,neither
चिढ़,neither
स्पेयर्ड,neither
उठाना,neither
रूही,neither
आयोगों,neither
तत्पश्चात,neither
फयदे,neither
जीवनसाथी,nepali-only
शेरवानी,neither
नल,neither
बासन,nepali-only
जनाधार,neither
गोलमाल,nepali-only
इलाज़,neither
अपने,neither
नज़रअंदाज़,neither
पुजारी,nepali-only
मूंदकर,neither
करेंगी।,neither
घातक,nepali-only
अजय,nepali-only
भद्र,nepali-only
सिलसिला,nepali-only
फुसफुसा,neither
सामज,neither
हांगकांग,neither
चमचे,neither
इलनेस,neither
एफआरपी,neither
ग़दर,neither
मानवाधिकारों,neither
कल्पनाओं,neither
निखारने,neither
वायर,neither
पेजेज,neither
सुगमता,neither
महादलित,neither
एएसआई,neither
गिनी,neither
ज्ञापित,nepali-only
रियल,neither
सीमेंट,neither
योग्य,nepali-only
हर्ष,nepali-only
पंवरिया,neither
लाईवलीहुड,neither
मंहगे,neither
व्यवधान,nepali-only
क्यों,neither
शहादत,neither
सम्बध्द,neither
प्रौपेगैण्डा।,neither
पेप्सी।,neither
इंकार,neither
नींव,neither
बकवास,neither
नंवर,neither
कल्प,nepali-only
कमा,nepali-only
प्रस्तुति,nepali-only
करो़ड,neither
मुशर्रफ़,neither
नलिनी,nepali-only
साल,nepali-only
ब्याह,neither
बलूचिस्तान,neither
सह-निर्मित,neither
बंगलौर,neither
कटा,neither
मसूर,neither
आदर,nepali-only
नयनतारा,neither
श्रंखला,neither
जंजीर,neither
घटने,neither
एनक्लेव,neither
सामाजिक,nepali-only
डालते,neither
उपकरणों,neither
बेचूँगा,neither
बिछुड़े,neither
शकील,neither
निक,neither
योजनाओं,neither
हक़,neither
प्रचार-प्रसार,nepali-only
हराया।,neither
वृक्ष,nepali-only
कविताओं,neither
घुघूत,neither
माइकर,neither
गुज़रते,neither
ठाकुर,nepali-only
मुंशी,neither
दुश्मनों,neither
कव्हर,neither
साफ़,neither
पटकथा,nepali-only
आफिसर,neither
रुश्दी,neither
फिल्माया,neither
मूल्य,nepali-only
बड़बोले,neither
दौडती,neither
सीटों,neither
दही,nepali-only
चंडीगढ़,neither
पंजाबन,neither
अन्न,nepali-only
घऱ,neither
हरकतों,neither
जन्म-मरण,neither
सभापतित्व,neither
उठकर,neither
एफ़,neither
लीवर,neither
भार,nepali-only
प्रवाहों,neither
गुजर,neither
नीचा,neither
होती,neither
क्षत्रिाय,neither
हल्दी,neither
गए,neither
बेंलें,neither
टिपण्णी,neither
दुरवस्था,nepali-only
कटौती,nepali-only
प्रयोक्ता,nepali-only
वार्मिग,neither
बाँटती,neither
घुमाने,neither
कोयला-खदानों,neither
सहती,neither
मेक,neither
रिलीजस,neither
प्राप्ति,nepali-only
रखोगे,neither
अख्तर,neither
चुग,neither
रूप-रेखा,nepali-only
कजरी,neither
खेलिये।,neither
झूठा,neither
विएना,neither
सेर,nepali-only
प्याले,neither
भरोसा,nepali-only
वैसे,neither
पारी,nepali-only
ज़मां,neither
जाएगा,neither
लतख़ोर,neither
लक्ष्मीपूजनकी,neither
औलिया,nepali-only
पहन,neither
ढलती,neither
दीर्घकालीन,neither
कुँए,neither
चेन्नेई,neither
औरों,neither
हुकुम,nepali-only
प्रॉविडेंट,neither
तेनुघाट,neither
टेबुल,nepali-only
जायेंगे।,neither
स्कैन,neither
झोले,nepali-only
भूषण,nepali-only
सहमति,nepali-only
उबालें,neither
पल्लू,neither
निमित्त,nepali-only
भागे,neither
पाएंगीं,neither
मंज़ूर,neither
वारिक,neither
जाति,nepali-only
अष्टम,nepali-only
रेकगिनिशन,neither
अखंड,neither
जोड़े,neither
किजिए,neither
यच्छ्रेय,neither
पहनकर,neither
डा,neither
अपीयरेंस,neither
सकूँ।,neither
उतरेगी।,neither
घुली,neither
जीरो,neither
लगनी,neither
शास्त्रों,neither
दिए।,neither
रोकने,neither
मेंबर,neither
आमार,neither
दिया,neither
किराया,nepali-only
ऊर्जा,nepali-only
कसते,neither
वयस्कता,neither
जाना,neither
अड़चन,neither
विरोधी,neither
पढ़ता,neither
बहुत-बहुत,neither
कुलश्रेष्ठ,neither
वैदिकी,nepali-only
झाँकने,neither
शिला,nepali-only
मान्य,nepali-only
वकीलों,neither
आसन्दी,neither
बदहवास,neither
सूझे,neither
दवाइयों,neither
पढ़ने,neither
शम्मी,neither
पहिचान,nepali-only
प्रस्ताव,nepali-only
वोट,neither
घुमाएँ।,neither
फिरोज,neither
टैगिंग,neither
जुडे़,neither
गर्भपात,neither
मोना,neither
डिस्क,nepali-only
पचपन,neither
ऑयल,neither
प्रामाणिक,nepali-only
सड़ते,neither
मोंटी,neither
आहूत,nepali-only
ज़बीहुल्लाह,neither
मेडीकल,neither
सोकर,neither
आगा,nepali-only
स्पेक,neither
दीक्षांत,neither
छूकर,neither
प्रेशर,neither
ठीक-ठाक,nepali-only
कितने,neither
यूट्यूब,neither
वार्ता,nepali-only
क्षेम,nepali-only
रखवा,neither
जा,nepali-only
शर्म,neither
आथि॑क,neither
करनेवाली,neither
होता।,nepali-only
क्रान्तिकारी,nepali-only
पकड़ी,neither
अदाकारों,neither
उम्मीदवार,neither
इजाज़त,neither
लगना,nepali-only
स्मरण,nepali-only
रिष्तेदारों,neither
वर्गीकरण,neither
परेड,nepali-only
लद्दाख,neither
ढका,neither
खबरों,neither
चेती,neither
५००,numeral/punctuation
चरित्रार्थ,neither
कलाम,neither
संरक्षा,neither
ज़मानें,neither
एजेण्ट,neither
वार्निंग,neither
फ्रैंकलिन,neither
रहमान,neither
उतार-चढ़ाव,neither
सातवीं,neither
तीवरदेव,neither
अंडर,neither
नेहरू,neither
सभ्य,nepali-only
क्लाडियस,neither
वह,neither
फरदीन,neither
सार्वभौम,nepali-only
पढते,neither
फिल्में,neither
पंगा,neither
हैलीफेक्स,neither
घुम,nepali-only
मुंडका,neither
चंगेज,neither
मसलों,neither
रांची,neither
रॉय,neither
चाच्चा,neither
आदिकाल,nepali-only
दोआब,neither
चापलूसी,neither
कुहल,neither
सेंटगोबेन,neither
फेसिलिटेशन,neither
बजाते,neither
तिथी,neither
टाटा-बिड़ला,neither
एल्टन,neither
जुगलचंद्र,neither
आवेश,nepali-only
मिल्या,neither
माउस,nepali-only
रीति,nepali-only
ट्राय,neither
इंद्र,neither
गंभीरता,neither
खिलाफ़,neither
खूबी,neither
मुर्तज़ा,neither
बताएगा,neither
मामाश्री,neither
सत्तामूलक,neither
राष्ट्रपति,nepali-only
बोल्ड,neither
अनुष्ठानों,neither
पाखी,nepali-only
निकलना।,neither
अनुग्रह,nepali-only
स्थूल,neither
ज़ुल्म,neither
पाती।,nepali-only
पंत,neither
सज़ा,neither
देखनेसुनने,neither
मनोभाव,nepali-only
ट्रकों,neither
१६,numeral/punctuation
अलख,nepali-only
सोहम,neither
एनएसजी,neither
टर्मीनेटर,neither
हैरी,neither
स्टोरिंग,neither
उद्द्येश्य,neither
ब्याज,nepali-only
पूर्वानुमेय,neither
तुम्हारी,neither
गुरु-भगवान,neither
पीटे,neither
जोड़कर,neither
हास्यफुहार,neither
सपोर्ट,neither
अमन,nepali-only
इन्शा,neither
अश्विन,neither
हथियाने,neither
पुनि,neither
वंश,nepali-only
बाप,neither
आसानी,nepali-only
सेंपिल,neither
महात्म्य,neither
महानिदेशक,neither
बूटा,neither
बैनर,neither
पॉजीटिव,neither
पॉइंट,neither
कुंदेरा,neither
जरूरीः,neither
हार्न,neither
सहृदयता,neither
बटुकेश्वर,neither
अंगदान,neither
इमेजेज,neither
विष्ठा,neither
ङ्क्षलग,neither
विदेश,nepali-only
चट्टाने,neither
कार्य।,nepali-only
रिक्त,nepali-only
पांत,neither
असंतुलन,neither
पीकन,neither
जे,nepali-only
दूं।,neither
पत्र-पत्रिकाओं,neither
विभीषण,nepali-only
रखकर,neither
रचनाऐं,neither
नुमा,neither
संरचनात्मक,neither
यारो-मददगार,neither
सोसाइटी,nepali-only
उदयपुर,nepali-only
धनंजय,neither
थप्पड़,neither
बुद्धिजीवी,nepali-only
कांपते,neither
ज़िन्दगी,neither
बोदे,neither
नमक,neither
विकेटें,neither
विधि-विधान,nepali-only
टीशर्ट,neither
सकेगा,neither
उतरने,neither
किसान,nepali-only
प्रेषित,nepali-only
पडेगा,neither
लोकगीत,nepali-only
चिकित्सालयों,neither
एकाग्रता,neither
दक्षिणी,nepali-only
सिखावन,neither
बाज़ी,neither
एएनएम,neither
ग़ज़ल,neither
यतोचित,neither
केवलिया,neither
मलबा,neither
खूबसूरती,neither
महानता,neither
भंडारित,neither
मुकाम,nepali-only
माननीय,nepali-only
इस्लामी,neither
जागृत,nepali-only
थायरॉइड,neither
स्तन,nepali-only
काला,neither
सीपीएम,neither
दोपहर,neither
परिजनों,neither
पैंतालीस,neither
चेहरेकी,neither
श्लोक,neither
टसर,neither
खुफिया,nepali-only
नार्वे,neither
उडद,neither
प्रतापगढ़,neither
छज्जे,neither
चक्रव्यूह,nepali-only
बॉक्स,neither
सदियों,neither
नायीं,neither
कैज़ुअल,neither
इनको,neither
लडकी,nepali-only
बैल,nepali-only
दो-तिहाई,neither
सद्भव,neither
कटकाई।,neither
नोकदार,neither
सनातन,nepali-only
बाइबल,nepali-only
ब्लागरों,neither
सी,neither
खोरी,nepali-only
महाराजगंज,neither
सिंघवी,neither
उबाल,neither
नृशंस,nepali-only
सवा,neither
भरमार,nepali-only
लेप,nepali-only
परिभाषा,nepali-only
अस्मिता,nepali-only
सेव,neither
तरंगे,neither
बाबा,nepali-only
ऊंची,neither
कमियां,neither
धीर-धीरे,neither
दौलत,nepali-only
फोकस,nepali-only
जिताने,neither
लेडीज,neither
मॉडल,neither
पंचलड़ी,neither
सहारे।,neither
ज्ञान,nepali-only
उपलब्धता,neither
इंटरव्यू,neither
दिखाएं।,neither
पर्सनॉलिटी,neither
अपशब्दों,neither
भुला,neither
पाठान्तर,neither
इमारत,nepali-only
मनपसंद,neither
कम्यून,neither
छुड़ा,neither
मंअभी,neither
शामों,neither
शशि,neither
कडी,nepali-only
झांके,neither
मायने,neither
बहुत,nepali-only
रंगत,neither
आयेगा,neither
सान्त्वना,nepali-only
हिंसा-अहिंसा,neither
अंधेरा,neither
सुत,neither
मेलिंग,neither
खजुराहो,neither
जहा,neither
ढ़ेर,neither
संबंधियो,neither
माले,nepali-only
एफसीआई,neither
जिम्मेदारी,nepali-only
शासनकाल,nepali-only
विश्वरंजन,neither
राहुल,nepali-only
जंतर,neither
इकलौती,neither
फिक्स्ड,neither
भागीदारी,neither
पुनर्जीवित,neither
हार्ले,neither
अवश्यम्भावी,nepali-only
सवानी,neither
परंन्तु,neither
मौकों,neither
जनसुरक्षा,neither
चढ़ने,neither
एल्विन,neither
खोना,neither
सिंधी,neither
पटरी,nepali-only
टॉम,neither
बोझ,nepali-only
पसरी,neither
जमाने,neither
अभिमन्यू,neither
पथराव,neither
पैड,neither
हादसे,neither
ढूढों,neither
छू-मंतर,neither
क्रियान्वित,neither
कूल,nepali-only
रोमांचित,neither
टुन्न,nepali-only
गुनगुनाहट,neither
सहजता,neither
होने,neither
रोनाल्डो,neither
अपने-अपने,neither
जीएस,neither
घुमारवीं,neither
तालाबों,neither
ग़म,neither
बोलो,neither
शैम्पू,neither
संबंधों,neither
अर्थशक्त्युत्थ,neither
आवान,neither
नारायण,nepali-only
लालूयादव,neither
बैलों,neither
प्रज्वलित,nepali-only
लाचार,nepali-only
निरीह,nepali-only
एम्बेलिश्ड,neither
ढंक,neither
महिलाओं,neither
यातनाओंकी,neither
झगड़,neither
बचवा,neither
जातियाँ,neither
पैदा,nepali-only
गोट,neither
मैसेजिंग,neither
अनुप,nepali-only
विधिक,neither
सुनाने,neither
धकेलना,neither
हस्ती,nepali-only
परिपूर्णता,neither
कारगर,neither
राजतंत्र,neither
तमन्ना,neither
सूचीबद्ध,neither
अब्राहम-आदम,neither
हेलीकोप्टर,neither
बलशाली,neither
समेटने,neither
पन्ने,neither
षब्द,neither
पञ्च,nepali-only
प्रतिभा,nepali-only
दानकर,neither
सुनहरे,neither
जेहिं,neither
कसूर,neither
पिस्तौल,neither
बुलावे,neither
द्विवेदी।,neither
पुष्ट,nepali-only
सितारा,nepali-only
ढ़ाई,neither
रैंकिग,neither
जिद्दी,nepali-only
यज्ञशाला,neither
धनिये,neither
यार।,nepali-only
कालकूट,neither
जनता,nepali-only
हारे,neither
जबाव,neither
सुनि,nepali-only
रेखांकित,neither
बना,neither
उपस्थिति,nepali-only
प्रतिकार,nepali-only
हितों,neither
गोस्वामी,neither
वहां,neither
सार्वजनिक,nepali-only
एक्जीक्यूटिव,neither
पहुंचा,neither
काषकृत्स्न,neither
सुबह,neither
उत्तराधिकारी,nepali-only
तुर्क,nepali-only
अपराधियों,neither
पो,nepali-only
क्यूंकि,neither
बाँसुरी,nepali-only
पचमढ़ी,neither
सपरिवार,nepali-only
चिट्ठा,nepali-only
अल्पना,neither
खूनखराबे,neither
फैज़,neither
इलीट,neither
पटकने,neither
तत्कालीन,nepali-only
वसुंधरा,neither
गुजारिश,neither
गांड़,neither
बेलीं,neither
उलझता,neither
घराने,neither
बेटे,neither
अमृत,nepali-only
विजली,neither
वाजिद,neither
गार्सिया,neither
पाइप,nepali-only
नापसंद,neither
प्रणाली,nepali-only
पैकेजों,neither
रॉड,neither
रहूंगा।,neither
क्योंकि,neither
दुलहन,neither
इग्नू,neither
इवेन,neither
तब-तब,neither
गंवाया,neither
हनुमान,nepali-only
मर्डर,nepali-only
आत्मिक,nepali-only
पार्षद,nepali-only
तुड़वा,neither
चैरिटी,neither
वहन,nepali-only
छप,neither
दुनियाँ,nepali-only
पेड़ों,neither
उभरी,neither
महामहिम,neither
लूकरगंज,neither
बोलियां,neither
बिल्डर्स,neither
तदात्म्य,neither
रेमो,neither
लड़का,neither
उठाइए,neither
हजारीबाग,neither
छदम,neither
आमले,neither
चोखे,neither
नाचो।,neither
अभिन्न,nepali-only
लिहाज़ा,neither
मानें,neither
अतिशीघ्र,neither
एक्जिट,neither
डिस्कों,neither
फोटोग्राफी,neither
बाबूगिरी,neither
सोनोग्राफी,neither
हस्तियों,neither
मानुष-सत्ता,neither
हैरान,nepali-only
कागजा,neither
पहुँचे,neither
वासनात्मक,neither
प्रोफेशनलिज्म,neither
लिए,neither
खेलो,neither
जिहाद,neither
दीजिये।,neither
पदार्थों,neither
काव्यवस्तु,neither
रतनपुर,nepali-only
छह,neither
हॅसी,neither
पढ़िए,neither
जबां,neither
गुरूजी,neither
वायु,nepali-only
टॉप,neither
चरित्रवान,neither
हय।,neither
उलटा,neither
ईनाम,neither
संजय,neither
चींची,neither
ह्रास,nepali-only
विकेट,neither
पब,neither
लाभार्थी,neither
फंगल,neither
सृजनात्मकता,neither
खड़ीबोली,neither
जाइए,neither
बाल्यकाल,neither
शिरकत,neither
कई-कई,neither
सीखे,neither
जलाया,neither
काले,nepali-only
केतनी,neither
कीजिए।,neither
मिटटी,neither
युवको,neither
ॐ,neither
शिक्षाओं,neither
सत्यपाल,neither
साकार,nepali-only
हफ़्ते,neither
शुक्रवार,nepali-only
विनियोग,neither
दूकान,neither
खिलौने,neither
ऋषभदेव,neither
मजाक।,nepali-only
चंद,neither
ख्याती,neither
नवादे,neither
दुसरे,neither
याने,neither
धुंधला,neither
हलके,neither
छपेगी,neither
महंगे,neither
नित्यकर्म,neither
परासौली,neither
सॉल्टलेक,neither
मिरांडा,neither
नुक्स,neither
भूकंप,neither
को,nepali-only
खोलीं,neither
बरकारर,neither
लिफ़्ट,neither
वर्मी,neither
अंतर्राष्ट्रीय,neither
संघर्षरत,neither
संवदेना,neither
बेयोंसे,neither
हेरिटेज,neither
सौहाद्र्र,neither
भड़ास,neither
चाहने,neither
सुकूं,neither
फिरौती,neither
पार्टीज,neither
चेक,nepali-only
स्व,nepali-only
कर्तव्य,nepali-only
देखिए।,neither
वहशी,neither
रिप्ले,neither
पहुंची।,neither
पद्मजा,neither
ट्रेक्टर,neither
खट्टी,neither
उसे,neither
मार-पीट,neither
लिंग,neither
जैसै,neither
सामईन,neither
एकान्त।,nepali-only
दानव,nepali-only
अभिशासन,neither
तत,nepali-only
दिल,nepali-only
ओछी,neither
फालोअर,neither
असाधारण,nepali-only
गुजराती,neither
महापद्यनंद,neither
डाकू,neither
सुरा,nepali-only
व्याकरण,nepali-only
बोलूंगा,neither
सीमान्त,nepali-only
सुलझती,neither
स्वर,nepali-only
चीज़,neither
गहनतम,neither
बचाना,neither
पुडिय़ा,neither
साम्प्रदायिकता,neither
निजी,nepali-only
तालमेल,nepali-only
पीजीडीएमसीएच,neither
शालीनता,neither
पढ़ाओ।,neither
आवंटन,neither
लाचर,neither
माना।,nepali-only
संघर्षों,neither
इलाहाबाद,neither
महाकाव्य,nepali-only
पुरुषोत्तम,nepali-only
प्रयोग,nepali-only
महेन्द्रभटनागर,neither
आर्षग्रंथों,neither
सजग,nepali-only
बीएसई,neither
सम्पत्तिकर,neither
अस्वाभाविक,nepali-only
विवशता,neither
बगल,nepali-only
सिंघोड़ा,neither
आशावादी,nepali-only
कप्तानी,neither
छोड़िए,neither
राउत,nepali-only
फ़ुटबाल,neither
दसूहाब्लॉक,neither
चाहिए,neither
उदारमना,nepali-only
बांधा,neither
लड़ते,neither
पष्चिम,neither
कहावत,neither
आॢथक,neither
पफैले,neither
जताना,neither
आर्टस,neither
उसको,neither
हिन्दुइज्म,neither
कंपनी,neither
श्यौराज,neither
र,nepali-only
एटीट्यूट,neither
आर्यभट,neither
हेक्टेयर,neither
भुरभुरी,neither
सखा,nepali-only
कोशिस,neither
उथल-पुथल,nepali-only
आजमगढ़,neither
कांग्रेसजन,neither
साइकोटिक,neither
दीवालियेपन,neither
खातिरदारी,neither
सूचकांक,neither
सिरफिरों,neither
सवेरे,neither
महंगार्इ,neither
समग्रता,neither
इन्तेज़ार,neither
लांगीट्यूड,neither
छाया,neither
लेफ्टिनेंट,neither
पिल्ला,neither
किरणो,neither
लठ्ठ,nepali-only
तुम्हीं,neither
होर्स,neither
वैज्ञानिक,nepali-only
एससीएसटी,neither
स्थलों,neither
ईराक,neither
मालूम,neither
रहेंगे,neither
रेलिगेयर,neither
समस्याग्रस्त,neither
सेक्सनों,neither
भाल,neither
महार,neither
आख़िर,neither
फल,nepali-only
जलधारा,neither
झुककर,neither
बुरी,neither
प्रंशसा,neither
दिनेश,nepali-only
जड़ें,neither
श्रोताओं,neither
कैम्प,neither
प्रोफ़ेसर,neither
ट्रिगर,neither
सेनी,neither
मुँह,neither
उमड़ी,neither
सुने।,neither
धनराशि,nepali-only
ग्रांट,neither
भूरिया,neither
उभरे,neither
ये,neither
जांय,neither
विवेचन,nepali-only
करूंगा,neither
भ्रष्टचार,neither
लविंग,neither
गड़करी,neither
वर्चुअल,neither
जीमेल,neither
दौड़ा-दौड़ा,neither
परमाणु,nepali-only
अप्रेल,neither
कौंधता,neither
दरिया,nepali-only
तौर-तरीका,neither
मझधार,neither
अभियांत्रिकी,neither
बिकना,neither
सप्तम,nepali-only
घूमना,neither
गुब्बारे,neither
सांस-सांस,neither
कुछ,neither
हाथों-हाथ,neither
भेड़,neither
क्रान्ति,nepali-only
सज़ा,neither
हँसी-खुशी,neither
भंडारों,neither
अनूठी,neither
जिरह,nepali-only
चित्र।,nepali-only
सुनो--जागे।,neither
सत्रह,neither
भरेंगे,neither
आलोचना,nepali-only
परमब्रह्म,neither
आश्चर्यचकित,nepali-only
पेंडिंग,neither
प्रयास,nepali-only
प्रवर्तक,nepali-only
मूंगा,neither
कोठरी,neither
गायब,nepali-only
छान,nepali-only
संस्था,nepali-only
उपसमिति,nepali-only
जगत,nepali-only
कांटा,neither
केबिल्स,neither
निर्देशन,nepali-only
एजुकेशन,neither
एग्जीक्यूटिव,neither
टूटी,neither
लाजवाब,neither
बनइ,neither
समाज-सुधार,nepali-only
महाकवि,nepali-only
बहुवचनों,neither
एलटीटीइ,neither
बुनता,neither
ऊर्ध्वगामी,nepali-only
वृन्द,nepali-only
आत्मविश्लेषण,neither
किंगडम,neither
हेडली,neither
सिस्टेम,neither
साग,nepali-only
नायकों,neither
वेल्यू,neither
चढाई,neither
कंस्ट्रक्सन,neither
लौटते,neither
उठाती,neither
दूसरे,neither
स्टूडेंट्स,neither
ड्राइव,neither
अलोक,nepali-only
केन्द्रीत,neither
पीड़ासित,neither
श्रीमद,neither
विषयों,neither
होंठों,neither
खर्चीला,neither
मिठाइयाँ,neither
प्रभावित,nepali-only
जीवनरेखा,neither
दे,neither
पर्वों,neither
आँखें।,neither
डालने,neither
भाड़ा,neither
बढार्ऌ,neither
तीस,nepali-only
क्षत-विक्षत,nepali-only
अरमान,neither
मामलात,neither
सेंक,neither
दीर्घा,neither
लाल,nepali-only
हाईप्रोफाइल,neither
ब्लेज़र,neither
मानक,nepali-only
देना।,neither
पांडा,neither
पुस्तक,nepali-only
स्मृतिआलेख,neither
हीटर,nepali-only
भजन-कीर्तन,neither
श्रोण,neither
ऴिषय,neither
जुड़,neither
सलिल,nepali-only
अंबेसडर,neither
ज़िबिग्न्यू,neither
लंबी,neither
बतायें,neither
तेजोमय,neither
संस्थानें,neither
काटेगा,neither
टेलीफोन,neither
देवपूजा,neither
कोहली,neither
स्पिनोजा,neither
सांवरिया,neither
संचालकों,neither
मंडेला,neither
चलना।,neither
विवादों,neither
उत्क्रान्ति,neither
हथियार,neither
भूगोल,nepali-only
ज़ोर,neither
दीया,neither
ऊँटों,neither
बचाकर,neither
दावं,neither
भोगार्थ,neither
अर्जेंटीनी,neither
ठंड,neither
दरबार,nepali-only
नोट्स,neither
साम्हने,neither
निगाहे-रहगुज़र,neither
नन्हा-मुन्ना,neither
दर्शा,neither
मवेशियों,neither
विलिस,neither
ब्लास्ट,neither
योगक्षेत्र,neither
सऊदी,neither
गर्वपूर्वक,neither
विद्यमान।,nepali-only
पुनर्लेखन,neither
चित्रशाला,neither
उर्वरा,nepali-only
डॉक्टरों,neither
प्रभा,nepali-only
चलकर,neither
संकल्पना,neither
आपराधिक,nepali-only
तर्ज,neither
रचियता,neither
सौंदर्य,neither
विदा,nepali-only
थी।,neither
आमदनी,neither
आईटी,nepali-only
पिंजरे,neither
के।,nepali-only
वरदानों,neither
चाकू,neither
दुख-सुख,neither
स्कूल-कॉलेज,neither
बैठेबिठाए,neither
१४८०,numeral/punctuation
पेपर्स,neither
दफ़न,neither
एनटीपीसी,neither
फ़ैसला,neither
सौदागार,neither
जुडे,neither
सूचनाप्रद,neither
किताब।,nepali-only
खोट,nepali-only
समय-समाज,neither
राकेश,nepali-only
सूंघ,neither
झाड़ोल,neither
खुचा,neither
ख़्वाबों,neither
विजया,nepali-only
सफारी,nepali-only
पिरो,neither
मोहरा,neither
रामलला,neither
अफ़लातून,neither
चौदह,neither
ख्वाजा,neither
बकरियां,neither
फ्यूअल,neither
टर्म,neither
अपेक्षा,nepali-only
शासन,nepali-only
वर्डज़,neither
हल्ला,nepali-only
पन्ना,nepali-only
अंकों,neither
गाढ़े,neither
छिपे,neither
कभार,neither
अधिकारी,nepali-only
रखा,neither
ज्ञानयज्ञ,neither
विशेषीकृत,neither
काम।,nepali-only
शिकायतकत्र्ता,neither
जिंबाब्वे,neither
यशराज,neither
तहकीकात,neither
चींटे,neither
मज़दूरों,neither
कायल,nepali-only
उनसे,neither
छूटनी,neither
लाने,neither
संयम,nepali-only
रंजन-मोद,neither
अखिलेश,neither
कैमिकल्स,neither
नरेगा,neither
आदमियत,neither
जिन्दा,neither
गुज़रे,neither
भूषित,nepali-only
बर्किघम,neither
विजयदान,neither
मेगावॉट,neither
समझाते,neither
मुद्रित,nepali-only
नितांत,neither
कमेटी,neither
न्यूयार्क,neither
प्रयासरत,nepali-only
फोटुएं,neither
कीम,neither
पकड़कर,neither
लोप,nepali-only
दौड़,neither
उच्चवर्णीय,neither
ख-आन,neither
लहरों,neither
फेंका,neither
तड़के,neither
गुरुॱ,neither
सच्चर,neither
देवदार,neither
चिंटू,neither
स्पर्श,nepali-only
भाद्रपद,neither
तुच्छ,nepali-only
सूत,neither
आराजकता,neither
खीज,neither
नवोन्मेष,neither
सुनूँगा।,neither
ट्रोजन,neither
मतलब,nepali-only
चहेते,neither
चरम,nepali-only
ओक्सीजन,neither
बच,neither
रत्नागिरि,neither
कहीं,nepali-only
निहलानी,neither
ठेठ,neither
छांव,neither
जयप्रकाश,nepali-only
विपरीत,nepali-only
दक्कन,neither
बीट,neither
अतीस,neither
करारों,neither
करवायेगें।,neither
शमीम,neither
छोड़ते,neither
खुशियों,neither
आती।,nepali-only
सताने,neither
खिलाएं,neither
इंकलाब,neither
ब्राडकास्टर,neither
बॉडलिंग,neither
प्रस्तुतियां,neither
उत्पादकता,neither
चौकोर,neither
प्लेटो,neither
अचानक,nepali-only
अप्रूवल,neither
शत,neither
कमर्शियल,neither
बौद्घिक,neither
हूं,neither
रिलीज़,neither
पत्ता,nepali-only
कांट्रैक्ट,neither
वुड्स,neither
ग्राम्स्की,neither
यदि,nepali-only
कही।,neither
ऊधमसिंह,neither
हनुमानजी,neither
चमडी,neither
इमोशन,neither
सोनम,neither
यमुना,nepali-only
बोर्नो,neither
समझी।,neither
घसीट,neither
निष्क्रियता,neither
भटका,neither
खानपान,nepali-only
नंगा,neither
भरत,nepali-only
गठित,nepali-only
इस्तीफे,neither
ठहरा,neither
महत्त्वपूर्ण,nepali-only
निवाला,neither
सफ़ेद,neither
चन्द्रानंद,neither
लक्ष्य,nepali-only
निपुण,nepali-only
गजनेर,neither
थोड़ा,neither
रंगे,neither
प्रहरी,nepali-only
प्रात्येक,neither
विश्राम,nepali-only
पोटाश,neither
घंटों,neither
गवाई,neither
इन्जाइम,nepali-only
लेवल,neither
पलड़ा,neither
चोली,nepali-only
अनुपातिक,neither
बनानी,neither
चतुर्वेदी,neither
पड़ोसियों,neither
खामी,neither
मतों,neither
बोरिवली,neither
टुकड़े,neither
भटकना,neither
बंधवा,neither
पोता,neither
महल,nepali-only
राजस्थान,neither
केन्द्रों,neither
मन्त्रमें,neither
ट्रेक,neither
गणतांत्रिक,neither
नाइट,nepali-only
ठहराना,neither
नामों,neither
उद्देश्य,nepali-only
विकृत,nepali-only
पालना,nepali-only
कामिनी,nepali-only
तीसरे,neither
कड़ियाँ,neither
मछुआरों,neither
दामिनी,neither
बनवाई,neither
विश्वासोत्पादक,neither
तकरीबन,neither
वीज़ा,neither
सखियां,neither
चुन,nepali-only
अंशांशावतार,neither
बैठकों,neither
ग्यारहवीं,neither
सुल्तान,neither
पैर,neither
बंट,neither
अँतर,neither
रोबोट,nepali-only
बढे।,neither
दुआ,neither
गुलाल,neither
ब्रोकर,neither
लडी,neither
तौर,nepali-only
फोर्स,nepali-only
राष्ट्रबंधु,neither
नर्मदा,nepali-only
हखामनी,neither
उपभोक्तावादी,neither
माओ,nepali-only
मूर्ती,neither
पढ़े,neither
विधायक,nepali-only
सर्वांगीण,neither
ॠषिकेश,neither
सुनील,nepali-only
गुस्से,neither
सुषुप्त,nepali-only
नियति,nepali-only
झगड़े,neither
कदम,nepali-only
बैठें,neither
रत्ना,nepali-only
पतली,neither
वशिष्ट,neither
बॉसरी,neither
सुलग,neither
बहूमत,neither
सूर्पनखा,neither
मुजफ्फरपुर,neither
अनुमान,nepali-only
जादा,neither
कैंसर,neither
सुरुचिपूर्ण,neither
सर,nepali-only
देखते,neither
प्रबन्धन,nepali-only
फरेब,neither
मित्तल,neither
पड़ा।,neither
बाबासाहेब,neither
कुल्फी,neither
गर्मागर्म,neither
प्राप्त,nepali-only
दायमा,neither
टिकटों,neither
हिमेश,neither
भाभा,neither
रहें,neither
नाटो,neither
बताइए,neither
आर्द्रता,nepali-only
बाबुल,neither
निभा,nepali-only
हैडकांस्टेबल,neither
चक,nepali-only
खगोल,nepali-only
फैक्ट्रियां,neither
उपयोगकर्ताओं,neither
वैन,neither
निसवत,neither
रक्षाबंधन,neither
माफिया,nepali-only
धृतराष्ट,neither
लाइव,neither
झांकी,neither
लागने,neither
इंगलैंड,neither
मनोरंजन,neither
कांवेंटों,neither
मिलेगा।,neither
लोकल,nepali-only
लगते,neither
मधुखवों,neither
सरकार,nepali-only
मैँ,neither
बुरांश,neither
प्लेटफ़ार्म,neither
देवकी,neither
ड्यूटियां,neither
मुकदमों,neither
मुहँ,neither
पास।,nepali-only
खनन,neither
प्रतिपल,neither
सैनिक,nepali-only
बाबूजी।,neither
डण्डे,neither
बायोलॉजिकल,neither
अन्या,neither
दुध,neither
होरी,nepali-only
बना।,neither
खिंचता,neither
हिले,nepali-only
येक,neither
सैन्नी,neither
बिस्वा,neither
अधिक।,nepali-only
लश्करे,neither
तुष्ट,nepali-only
फुरसतियाजी,neither
आयीं,neither
ओम्फेलॉस,neither
देहत्याग,nepali-only
प्रकरणों,neither
मजमा,neither
ब्रेकिंग,neither
कर्मयोगी,nepali-only
पकड़ने,neither
अशिस्त,neither
१५,numeral/punctuation
गृहणियों,neither
चुनती,neither
ख़ान,neither
सम्पत्ति,nepali-only
बम्बई,nepali-only
टाईगर,neither
सिकुड़,neither
अंतरंगता,neither
सर्वथा,nepali-only
गौरतलब,neither
बैठेगा,neither
कारणवश,neither
कारागर,neither
वानखेड़े,neither
वाक्पटुता,neither
ठहरती,neither
सुरक्षाधिकारियों,neither
पहुंचकर,neither
पाठक,nepali-only
फैक्टर,neither
बुटेल,neither
स्त्रियों,neither
पाएगी,neither
कुर्बानी,nepali-only
महत्वहीन,neither
बी,neither
फेक्ट्री,neither
पल,nepali-only
भक्तों,neither
वरन,neither
दादा,neither
रिश्ता,neither
इत्र,neither
यूजीन,neither
दत्तमंगलवार,neither
आभासी,neither
कारों,neither
पारित,nepali-only
मैचों,neither
सुनता,neither
पागल,nepali-only
र्ध्म,neither
यह्,neither
कैश,neither
अजूबा,neither
लोक-गीतों,neither
महायुद्ध,neither
कपकोट,neither
मापदण्ड,nepali-only
बनानेवाले,neither
गिरती,neither
बच्च्यिों,neither
सैय्यद,neither
उसूल,neither
पीस,neither
सुरिंदर,neither
जाएं।,neither
तान्त्रिक,nepali-only
पत्नियाँ,neither
अभिनेत्रियों,neither
बेचने,neither
फूटेगा,neither
धाम,nepali-only
सेवायोजित,neither
प्रेत,nepali-only
आकाशे,neither
कोठों,neither
युवतियों,neither
मज़ा,neither
शुक्रिया,neither
पूजा,nepali-only
संबलपुरी,neither
प्रज्ज्वलन,neither
लेंगे।,neither
टाकीज,neither
गा,neither
लगता।,neither
सफेद।,nepali-only
चिल्लाते,neither
होशियारी,neither
मैकेनिकल,neither
प्रतिवर्ष,neither
दिमागी,nepali-only
मार्क्सवाद,neither
नाजुक,nepali-only
कोलिंस,neither
दशको,neither
भाजी,neither
ढील,neither
मास्को,neither
कल्पना,nepali-only
फिल्म्स,neither
भरतिया,neither
सर्वर,neither
सिरेसे,neither
जन्मा,neither
कालीशंकर,neither
पढ़ें,neither
निशाने,neither
कुतुबमीनार,neither
महीन,neither
पढ़िए,neither
दुर्ग,neither
दबाने,neither
मिलती,neither
मिततल,neither
वज़ह,neither
जन्माष्टमी,neither
नहाना,neither
खटखटाया,neither
हनलाई,neither
रूचि,nepali-only
तोड़ा,neither
जार,nepali-only
एंटनी,neither
जालसाज,neither
इफ्फी,neither
संवेदना,neither
आरआईएल,neither
एवं,nepali-only
योहाना,neither
फिंगर,neither
मैसेज,neither
भईया,neither
मेंरी,neither
अश्रु,nepali-only
आखिर,nepali-only
मद्दे-नज़र,neither
व्यक्त्वि,neither
याचिकाओं,neither
मिर्धा,nepali-only
प्रक्षेपित,neither
कमाते,nepali-only
गायी,neither
विन्ध्य,neither
नेताओ,neither
अड़,neither
नामी,nepali-only
बर्धन,neither
रब्बानी,neither
सोचें,neither
लूटपाट,neither
ब्रेन,nepali-only
मातरम,neither
भगतसिंह,neither
दयनीय,neither
दामों,neither
चैम्पियन,neither
इच्छाओं,neither
नौकरियों,neither
भिड़ंत,neither
पाओ।,neither
सहरसा,neither
निर्माता,nepali-only
संदर्भ,neither
माने,nepali-only
हाऊस,neither
पटिया,neither
मोहिनी,nepali-only
करते-करते,neither
भारतम,neither
गोस्पेल,neither
हिंदुस्तानी,neither
जुड़कर,neither
गीता,nepali-only
मदमाते,neither
उद्मियों,neither
छाले,nepali-only
दूरगामी,nepali-only
आलोचकों,neither
मुआ,neither
बाशी,neither
१९९३,numeral/punctuation
महकी-महकी,neither
मरता।,neither
धराशायी,neither
अपील,nepali-only
गाब्रिएल,neither
लेकर,neither
अल्ट्राक्लाविक,neither
जुबान।,neither
विजेताओं,neither
अयस्क,neither
बसते,neither
आयामी,neither
मिथ्या,nepali-only
सामरिक,nepali-only
निष्कपट,nepali-only
जल-प्रपात,neither
विशेषत,neither
निवर्तमान,nepali-only
तल्प,neither
विधाएं,neither
गम्भीरता,neither
पर्चा,nepali-only
टिकते,neither
चमकीले,neither
निकलने,neither
पतित,nepali-only
ओवरसीज,neither
खड़ा,neither
बहुप्रशंसित,neither
निवारक,nepali-only
रंगरेजवा,neither
पढे,neither
ढ़ोल,neither
मसौदे,neither
पुण्य,nepali-only
भ्याराश्ताचारियो,neither
वल्वा,neither
भरके,neither
पीढ़ियों,neither
इतिहास,nepali-only
नुस्खा,neither
दूऽध,neither
फॉर,neither
चुराएंगे।,neither
दुकानों,neither
गूँज,neither
बाट,nepali-only
चिंयुटी,neither
पारम्परिक,nepali-only
गड़बड़ियां,neither
जागा,nepali-only
विचरने,neither
कढ़ी,neither
जुडाव,neither
लन्द,neither
शेयरों,neither
निंद्रा,neither
खद्दर,nepali-only
चतुर्युगों,neither
ज़िक्र,neither
नहा-धोकर,neither
घबराहट,neither
खाड़ी,neither
ढूंढिए,neither
चंद्र,neither
ऊब,neither
आंदोलन,neither
व्यवस्थित,nepali-only
ता,neither
बिडंबना,neither
रॊक,neither
इलेक्ट्रोनिक,neither
उड़ीसा,neither
भिलाई,neither
लुप्त,nepali-only
होशियारपुर,neither
बागियों,neither
लो,neither
बंधुओं,neither
ग्रीव्स,neither
आंगिरस,neither
ब्लेयर,neither
मीट,neither
अपाहिज,nepali-only
विवेकवान,neither
लौड़े,neither
शक्कर,neither
लडक़े,neither
बैर,neither
हालंकि,neither
मुड़े,neither
बहुसंख्यक,neither
गांव,neither
बॉडी,neither
अपनाई,neither
पोट,nepali-only
कटाई,neither
सुकोमल,neither
थ्री,nepali-only
पसदिदा,neither
चलायी,neither
स्टाइल,nepali-only
खासतौर,neither
पंडितों,neither
भोजनं,neither
पनपने,neither
बस्स,neither
आलसी,neither
प्रक्रियाएं,neither
पीछा,neither
ग्रेनाइट,nepali-only
निगमों,neither
डिफेंस,neither
संस्कृतियों,neither
अध्ययन,nepali-only
बाई।,neither
फीचर,neither
महिलाओ,neither
मदर्स,neither
कॉलेजेस,neither
लखनऊ।,neither
सुख,nepali-only
करवाना,neither
दाल-भात,nepali-only
छपी,neither
टेंटुआ,neither
बोगियों,neither
खेद,nepali-only
नाच,nepali-only
डिजिटल,nepali-only
लीजिये,neither
पेंटिंग्स,neither
ऊ,neither
कारणों,neither
सौहार्द्र,neither
मरूंगा,neither
डोर,neither
सिंथेटिक,neither
गुजरता,neither
वडवज,neither
न्यूज,neither
तुरतै,neither
ब्रैडबरी,neither
ब्लॉगस्ते,neither
स्मृतियाँ,neither
मनचले,neither
ललित,nepali-only
दादाजी,neither
मैने,neither
बार्टल,neither
नष्ट,nepali-only
गतिकी,neither
मंगल,neither
हिट,nepali-only
टाउन,neither
बहका,neither
हमारा,neither
घोड़ा,neither
पहला,neither
आध्यात्मिक,nepali-only
इंटेस्टाइन,neither
विरोधियों,neither
व्यावहारिक,nepali-only
व्यथा,nepali-only
तुम्हारे,neither
लेक्चर,neither
रोटियों,neither
रिलाज,neither
पद्धति,nepali-only
जेआरडी,neither
मजहब,neither
अलीगंज,neither
गोंद,neither
सिलेंडर,neither
भवसागर,neither
लंकेश,neither
थपेड़ों,neither
रेड्डी,neither
पैनक्रियाज,neither
पहुँचाने,neither
आर्इ-मुझे,neither
झोपङीं,neither
जितेन्द्र,nepali-only
परामर्शनुसार,neither
चिपका,neither
नन्हे,neither
जितना,neither
लक्झरी,neither
छोटा-छोटा,neither
फ़ास्टर,neither
एच,nepali-only
किस्म,neither
पत्नि,neither
मुखर,nepali-only
कणों,neither
उघाड़ना,neither
सत्याग्रह,nepali-only
चीखें,neither
ओर।,nepali-only
डॉलर,neither
कराता,neither
दिशाहीनता,neither
क्षैत्रो,neither
ज़रथ्रुस्त,neither
शोधकर्ताओं,neither
आधिकारिक,nepali-only
अधिकाधिक,neither
बहुएँ,neither
बाबत,neither
विश्वविद्यालय,nepali-only
डेढ़,neither
बहा,neither
आदि।,nepali-only
अंदरूनी,neither
बहाल,nepali-only
फोन,neither
अजीबोगरीब,neither
नीली,neither
गढे,neither
वर्जनाओं,neither
लगी।,neither
फेकना,neither
कोला,neither
हेल्दी,neither
प्रतिष्ठान,neither
प्रतीत,nepali-only
क्रोसिन,neither
लौकी,neither
वैचारिक,nepali-only
लिय,neither
एक्टिंग,neither
शिकार,neither
पर्याय,nepali-only
केशों,neither
घमासान,neither
पोर्नोग्राफ़र,neither
चलीं,neither
न्यौता,neither
शतरंज,neither
बोन,neither
वरीय,neither
अन्तरवर्तीय,neither
आवेदनों,neither
लिखा।,nepali-only
अपूर्व,nepali-only
खुश,neither
उगलती,neither
बची,neither
समाधि,nepali-only
स्विच,nepali-only
दौड़ाने,neither
बालाघाट,neither
लोचपूर्ण,neither
जिन्दगी,nepali-only
ज़ल्द,neither
देअर,neither
ऊर्ध्वगमन,neither
मनाया।,neither
लपकाें,neither
लाठियों,neither
अडवानी,neither
गिरेबां,neither
लूँगा।,neither
उनका,neither
महाविद्यालय़,neither
हरियाली,nepali-only
चलेगा,neither
सुहावने,neither
सहयक,neither
भोजनालय,nepali-only
पदार्थ,nepali-only
नहं,neither
फंसा,neither
दिक्दर्शन,neither
सरमा,neither
सिलवट,neither
उनके,neither
छपवाईए।,neither
प्रतिधारण,neither
जागा।,nepali-only
जीर्इ,neither
रॄंखला,neither
एडूकाम,neither
अगस्त्यमुनि,neither
भूतल,nepali-only
एसोसिएशन,neither
बातेँ,neither
चांटा,neither
सम्बोधित,neither
जाएँ,neither
चुनना,neither
डरे,neither
पैरों,neither
मुड़कर,neither
वेब,nepali-only
गाते,neither
सुलझा,neither
शिक्षाविद,nepali-only
घटना,nepali-only
उत्तेजना,nepali-only
सादर,nepali-only
भावुकतापूर्ण,neither
जनसंचार,neither
भेजते,neither
शेट्टी,neither
खराब,nepali-only
बायीं,neither
सिब्बल,neither
आभार।,nepali-only
संदेशों,neither
दिलाई,neither
हबल,neither
ब्रह्ममुहूर्त,neither
एक्सेप्ट,neither
कामरेड,nepali-only
लई,neither
चुका,neither
संपदा,neither
बातो,nepali-only
सौहार्द्रपूर्ण,neither
प्रौधोगिकी,neither
मॉफ,neither
महासमुंद,neither
विधेयककी,neither
न्यूजीलैंड,neither
हाफ,nepali-only
पहाड़ी,neither
दूजे,neither
समलैंगिक,neither
ईसवी,neither
चेहरा,nepali-only
अल्कोहल,neither
कुरिन्थियों,neither
टिके,nepali-only
निरीक्षण,nepali-only
रियासत,neither
मोड,nepali-only
चिकित्सक,nepali-only
रमन,nepali-only
खुलवा,neither
बहत्तर,nepali-only
क्याटम,neither
बोलेंगे,neither
सनकी,nepali-only
घडि़याल,neither
गहोई,neither
उल्लंघन,nepali-only
उत्कंठा,neither
हिन्दुवादी,neither
पक्की,nepali-only
सरो,nepali-only
नैवेद्य,neither
अपडेट,neither
रत्ती,nepali-only
सम्यग्दर्शन,neither
फेंकने,neither
गैंग,neither
भागदौड़,neither
घेरने,neither
विशिष्ठ,neither
प्लॉन,neither
जला,neither
नारंग,neither
कारो,neither
वीडियो,neither
कबीरदास,neither
आन्ध्र,neither
छोटे-मोटे,neither
ई,neither
प्रस्थान,nepali-only
गद्दारी,nepali-only
खुशु,neither
छेड़छाड़,neither
माधयम,neither
इंडस्ट्री,neither
आपाधापी,neither
वाइब्स,neither
जांच,neither
कुरजांओं,neither
उगाने,neither
घूस,neither
लेटे,neither
बहिन,neither
रिहा,nepali-only
आनंद,neither
त्र्यंबकेश्वर,neither
खाल,nepali-only
टायर,nepali-only
जनक,nepali-only
होंगे,neither
महाशक्तियां,neither
संपादकों,neither
भई,neither
चौपारण,neither
वश,nepali-only
कीचड़,neither
टेबिल,nepali-only
शैंपेंन,neither
रहेगा।,neither
बसे,neither
बेंचर्स,neither
कफ़,neither
आफत,neither
थी-क्योंकि,neither
धर्मनिरपेक्षता,neither
ट्युट,neither
पूर्वाग्रह,nepali-only
बेफ़िजूल,neither
खेलना,neither
ई-केवाईसी,neither
आलेखों,neither
फ़रक,neither
डंके,neither
कड़े,neither
कठिनाई,neither
सुर्खियों,neither
एयरक्राफ्ट,neither
कुचलने,neither
सुइयाँ,neither
स्टैण्ड,neither
फारूकी,neither
एटीएमों,neither
मुझसे,neither
दिग्भ्रमित,neither
आग-बबूला,neither
जीनियस,neither
जंगल,neither
एंटीबायोटिक,neither
जगा,neither
संयुक्त,nepali-only
करवट,neither
बर्फ,neither
लटक,neither
आज,nepali-only
तनातनी,neither
हमबिस्तर,neither
शमशान,neither
षड्यंत्रकारियों,neither
बहु-विवाह,nepali-only
साहस,nepali-only
स्वच्छंद,neither
एनवायरमेंट,neither
विदेशी,nepali-only
बच्चन,neither
सदनो,neither
प्रेरक,nepali-only
सकते।,neither
अध्य्यन,neither
कथ्य-संसार,neither
अक्खड़,neither
वोडाफ़ोन,neither
बिरली,neither
अग्रवाल,nepali-only
बांधे,neither
खराबी,nepali-only
कर्ता,nepali-only
टैक्सोनॉमी,neither
जाते,neither
नाराजगी,neither
मोसाद,neither
कयास,neither
सॉफ़्टवेयर,neither
खरीदे,neither
रूपचन्द्र,neither
श्वेतरंगी,neither
कमजोर,nepali-only
लाखन,neither
सुयोग्य,nepali-only
खींचना,neither
तीहरा,neither
सौपेंगे,neither
हाँ,neither
पोस्को,neither
त,nepali-only
जम्मू-कश्मीर,neither
सीधीऔर,neither
जानेंगे,neither
सोनपती,neither
सत्यापन,nepali-only
उत्क्रष्ट,neither
संस्कारधानी,neither
मालूम।,neither
आत्मस्वीकार,neither
उतारू,neither
हताशा,neither
रियासतों,neither
शर्तो,neither
आइरिस,neither
सफल,nepali-only
ऋग्वेद,nepali-only
चितराम,neither
कुछपल,neither
जनसभाएं,neither
राजकुमारियों,neither
सुलभता,neither
द्रोणगिरि,neither
चिंताजनक,neither
पहलु,neither
मिला,neither
फरीदाबाद,neither
अंगूठा,neither
टरका,neither
घड़ी-घड़ी,neither
भवन,nepali-only
संवारना,neither
तीनों,neither
लड़ो।,neither
बेजोड़,neither
फैशन,neither
डंठल,neither
जंजाल,neither
कोऑपरेशन,neither
वामपंथी,neither
प्रिंसेज़,neither
पारितोषिक,neither
पिट्सबर्ग,neither
ऑटोमोबाइल,neither
बिहार,neither
समता,nepali-only
मशीन-औजार,neither
सजा,neither
ढालने,neither
यही,nepali-only
मंतर,neither
लूक,neither
पांचवीं,neither
दबा,neither
जलाई,neither
घेालते,neither
गिरनार,neither
सिखाती,neither
ताबूत,neither
बंदिश,neither
अन्तिम,nepali-only
एलान,neither
इंदरा,neither
क्वार,neither
नीच,nepali-only
बातों,neither
धनबाद,neither
अरोद,neither
नजरों,neither
नया,neither
मुँहाने,neither
अटैचमेंट,neither
नाश,neither
व्यक्तिगत,nepali-only
पवार,neither
सजी-सजाई,neither
परिणाम।,nepali-only
कंवलजीत,neither
चीजें,neither
न्योता,neither
सत्यानाश,nepali-only
मुफ़ीद,neither
दीन-दुनिया,neither
सुवाह्यता,neither
मस्सा,neither
मुखड़ा,neither
उतना,neither
चंदेली,neither
पड़े।,neither
पड़ेगी,neither
अपणी,neither
हिम-नद,neither
फफक,neither
केये,neither
१००वीं,neither
एकरूपता,neither
आखें,neither
डाकघर,neither
बूढ़ा,neither
कुमकुम,neither
संकीर्तन,neither
वाम,nepali-only
इंदु,neither
सुपरिचित,neither
मटमैला,neither
रुनझुन,neither
छल-छंद,neither
हर्जेगोविना,neither
फ्यूनरल,neither
टोकती,neither
महाबली,nepali-only
ऑफ़लाइन,neither
पुरालेखों,neither
आकाश,nepali-only
प्राच्यवाद,neither
खिलाड़ी,neither
प्रूफ,neither
जिम्मा,nepali-only
शातिर,neither
असहाय,nepali-only
पुकारेंगे,neither
बाल्टी,nepali-only
गद्दार,nepali-only
अफसरों,neither
जिम्मे,neither
पच्चीस,nepali-only
दर्ज,neither
आवगत,neither
आबिदा,neither
आईआईएफएम,neither
हुर्इ,neither
साज़िद,neither
बढ़ते।,neither
नेत्रों,neither
राक्षस,nepali-only
नज्मों,neither
नीलगाय,neither
जस्टिस,neither
रिमझिम,neither
पैरा,neither
बेचता,neither
चलता।,neither
रविशंकर,neither
मगध,neither
फतेहपुर,neither
इकाई,neither
धातुओं,neither
इस्त्री,neither
आशाजनक,nepali-only
रिजल्ट,neither
गुरुभाई,neither
ऐंठने,neither
उपाध्याय,neither
वाईफ,neither
अनुकूलन,nepali-only
सरोज,nepali-only
न।,nepali-only
जानता,neither
काली-सपफ़ेद,neither
जाएगी,neither
धो,neither
समझेगी,neither
सन्ध्या,nepali-only
बुलबुल,neither
मंशा,neither
कुश,neither
प्रसन्न्ता,neither
जन्मभूमि,nepali-only
डोमेन,neither
डिट,neither
मित्र,nepali-only
मारक्वेज,neither
डेटा,neither
संस्थान,nepali-only
आर्यसमाज,neither
सकोगे।,neither
गाती,neither
लौटा,neither
उत्तराखंड,neither
लव-जेहाद,neither
पकड़,neither
घोड़े,neither
गजभिये,neither
तप,nepali-only
ताक़तों,neither
मुंह,neither
कॉनफ्लिक्ट्स,neither
टक,nepali-only
अबतो,neither
पड़ी,neither
पत्रिकायें,neither
कब्रिस्तान,neither
भाषाओँ,neither
कंडक्टर,neither
विद्यालय,nepali-only
हैप्पी-बर्थडे,neither
सस्ता,neither
मुख्यधारा,neither
हस्तक्षेप,nepali-only
जसमूल,neither
मलहम,nepali-only
गाड़ियों,neither
लुक,neither
दिखाती,neither
चकमेड़री,neither
फकीर,neither
कहानी,nepali-only
जाऊं,neither
जलदाग,neither
की।,nepali-only
जिन्होने,neither
जमाती,neither
प्रक्त्रिया,neither
करणसापेक्षता,neither
सम्भाला,neither
सुखबीर,neither
जनजाति,nepali-only
वहीँ,nepali-only
बाद,neither
कमला,nepali-only
दिये।,neither
महाद्वीपों,neither
संसद,nepali-only
उड़ान,neither
ईमान,neither
नसीहतों,neither
पायेंगे।,neither
बेघर,neither
प्रश्नों,neither
पडी।,neither
सेन,nepali-only
वैसी-की-वैसी,neither
उच्छ्वास,neither
जानेवाले,neither
रफा,neither
जोरों,neither
जुटने,neither
स्वाधीनता,neither
कंकाल,neither
रिकार्ड,neither
गमों,neither
नौटंकी,neither
रस्म,neither
तमिल,neither
काठाड़ी,neither
धर्मशाला,nepali-only
लाता,neither
कुम्हला,neither
रहता।,neither
स्ट्रिपटीज,neither
पत्तिया,neither
मार्कीट,neither
सोडियम,neither
वर्दियों,neither
एक्सप्लोर,neither
केनवास,neither
पहचानते,neither
गुस्सा,neither
भेद-भाव,nepali-only
बेहाल।,nepali-only
विमर्श,nepali-only
पोस्टमार्टम,nepali-only
क़त्ल,neither
कोच,neither
स्लम,neither
६,numeral/punctuation
जन्मे।,neither
तांबा,neither
डास्टोएवेस्की,neither
रहिये,neither
गुरुदेव,neither
सच्चिदानंद,neither
चैनल्स,neither
ज़रा,neither
धड़े,neither
बुक,nepali-only
कालम,nepali-only
आरक्षित,nepali-only
गोरखपुर,neither
नज़रों,neither
स्त्राव,neither
नरेन्द्र,nepali-only
अपीलों,neither
रांगेय,neither
रूम,neither
चीड,neither
दूँगा,neither
गोपीचन्द्र,neither
माँग,neither
वीनस,neither
वक़्त,neither
निवासी-भागीरथपुरा,neither
झुग्गी,neither
चीनियों,neither
खरीदवाए,neither
कान्त,nepali-only
विवेकानंद,neither
सिन्हा,neither
सैकड़ों,neither
एंटरप्राईजेस,neither
ग्वाले,neither
नेटव,neither
स्नेहल,neither
ज़ाहिर,neither
शिष्टाचारपूर्वक।,neither
युवा,nepali-only
रेडियो,nepali-only
स्पंदित,neither
सीरीज,neither
ठंडक,neither
खाँ,neither
तलाशी,neither
अनेको,neither
वर्धा,neither
कमांडर,neither
साधन,nepali-only
बूटी,neither
पदधारी,nepali-only
पाने,nepali-only
बारगेन,neither
आचार,nepali-only
रूक,neither
नाथूराम,neither
बुलाती,neither
माघ,nepali-only
चिट,neither
मित्रता,neither
औपचारिक,nepali-only
पादुकोन,neither
खुलकर,neither
सोमवार,neither
उछलने,neither
जॉब,neither
ना,neither
निराशाजनक,neither
हेड,nepali-only
स्थानीय,neither
आतंकी,neither
पूजा-पाठ,neither
छिपाने,neither
करेगें,neither
हास्यास्पद,nepali-only
संस्थानओं,neither
आख़िरकार,neither
वर्णन,nepali-only
हार्डवेयर,nepali-only
नभ,nepali-only
पढ़ना,neither
हित,nepali-only
पूजीपति,neither
गूंजते,neither
क्रुद्ध,nepali-only
रेंगती,neither
लकी,neither
गुड्डन,neither
बबेली,neither
पेश,neither
प्रमिला,neither
ढाई,neither
रामकृष्ण,nepali-only
चुमकी,neither
सोचने,neither
लाजबाब,neither
संतुष्टि,neither
घरों,neither
रुका,neither
कार्रवाईयां,neither
न्यायपालिका,nepali-only
ताड़,neither
कृतित्व,nepali-only
प्रेमी-प्रेमिका,neither
ड्राइवर,neither
वंचित,neither
गरम,neither
जूझ,neither
नाराज़,neither
शोहरत।,neither
कहने,neither
चमकदार,nepali-only
इनामी,neither
खान,nepali-only
हो,nepali-only
रहेगे,neither
हानियों,neither
या,neither
तक,neither
सकेगी,neither
मील,neither
बेवफा,neither
गिरजाघर,neither
आजमाइए,neither
दफ्तरों,neither
जयति,neither
बेसुमार,neither
महमान,neither
मध्य-मार्ग,neither
शास्त्री,nepali-only
क़ी,neither
बैठाने,neither
खासे,neither
गावों-देहात,neither
निगम,nepali-only
जागते,neither
बिलेक,neither
आदर्शवादी,nepali-only
इतवार,neither
ज़िम्मेदारी,neither
लहराते,neither
डू,neither
जलीस,neither
लें।,neither
भुलाने,neither
व्याख्याओं,neither
काव्य-संकलन,neither
गठबंधान,neither
किन्नर,neither
उन्नीसवीं,neither
गंजेपन,neither
यजुर्वेद,nepali-only
प्रतिबंधित,neither
आईस-पाईस,neither
छपवाने,neither
गुंडों,neither
जिसके,neither
दैहिक,nepali-only
पेंशनधारकों,neither
महाविद्यालय,nepali-only
मोहने,neither
समुद्र,nepali-only
सितम्बर,neither
नक्क्ष,neither
तहसील,neither
चलो।,neither
प्रदाता,neither
कसाई,neither
लकड़ियों,neither
श्रेणियां,neither
धारवाड़द्ध,neither
पाओ,neither
नक्शा,neither
छांटकर,neither
उमाशंकर,neither
पोखरा,nepali-only
छूटने,neither
उज्ज्यिनी,neither
भेजे,neither
हिम्मत,nepali-only
पहुंचाया,neither
बनेगा,neither
गांगुली,neither
अरब-इजरायल,neither
विवाह,nepali-only
विधमान,neither
वृत्तचित्र,nepali-only
भैरों,neither
मंचों,neither
प्रज्ञनानंद,neither
घटाने,neither
चेल्म्सफोर्ड,neither
मुरीद,neither
अंकित,neither
एनआरएलएम,neither
बाजीराव,neither
झण्डे,neither
जारी,nepali-only
तहलियानी,neither
लफड़ा,neither
बताई,neither
भाषाएँ,neither
कप्तान,nepali-only
बढ़ोतरी,neither
श्रीयाल,neither
अधनंगी,neither
बनाती,neither
विसंगतियों,neither
राष्ट्रों,neither
सनी,neither
आवाम,neither
फ्रांस,neither
लिटिल,neither
रमनसिंह,neither
लोको,neither
शौहर,neither
पुरूषगर्दी,neither
मण्डी,neither
नाश्ता,neither
पूरा,nepali-only
आरामदायक,neither
बहु-बेटियों,neither
बढ़ेंगे,neither
हिमालय,nepali-only
तिरुपति,neither
गल्ती,nepali-only
कासिम,neither
उपवास,nepali-only
पड़ना,neither
शंकर,neither
दर्जन,nepali-only
बाग,neither
शरद,nepali-only
लैंडस्कोप,neither
तारे,nepali-only
फार्मूलों,neither
परसादी,neither
मजूरों,neither
झेल-झेलकर,neither
मीडियाकर्मियों,neither
दूतावास,nepali-only
फिलिस्तिनी,neither
ली,neither
रिचर्ड,neither
एवरेजिंग,neither
माई,nepali-only
बैठना,neither
गिराए,neither
स्नानगृह,neither
बीमारियां,neither
ज़रुर।,neither
गंधक,neither
निवृत्त,nepali-only
उत्सर्जन,nepali-only
देशभक्त,nepali-only
नासिर,neither
विवेकके,neither
ऐवज,neither
परायापन,neither
घूरता,neither
रुड़की,neither
प्रयोजनार्थ,neither
रवाँ,neither
मानदंडों,neither
हितग्राहियों,neither
विन्ध्यवासिनी,nepali-only
गैर-तेल,neither
बचपन,neither
थमाता,neither
पहल,nepali-only
शालू,neither
कमाल,nepali-only
जांगू,neither
सपनो,neither
चलाइये,neither
ऊपर-ऊपर,neither
सराब,nepali-only
लङकियों,neither
मेसे,neither
तुली,neither
साम्यवाद,nepali-only
खातेखाते,neither
गतिविधियां,neither
शर्मिला,nepali-only
दहाड़,neither
विनम्र,nepali-only
दाल,nepali-only
सेल्स,neither
रेल,nepali-only
प्रवीन,neither
शाहनवाज,neither
अतारांकित,neither
चढ़ाया,neither
दरबान,neither
सिमट,neither
डिसऑडर्स,neither
विरोध,nepali-only
इंसान,neither
जनप्रतिनिधि,nepali-only
गुड,nepali-only
गले,nepali-only
संवाद,nepali-only
देसिल,neither
तुझे,neither
मृत्युयुद्ध,neither
चखना,neither
लगीं,neither
झूमता,neither
अक्कलकोट,neither
परिकल्पना,nepali-only
थक,neither
पलकें,neither
मेज़,neither
जवाबदेही,neither
सिटीजन,neither
ई-टिकट,neither
अवाम,neither
घटाई,neither
आनेवाला।,neither
फायनल,neither
प्रतिबंध,neither
हीन,nepali-only
वक्ताओं,neither
वक्तव्य,nepali-only
कामज़ात,neither
तरही,neither
होगी।,neither
हेमन्त,nepali-only
पार्लर,neither
इष्ट,nepali-only
उज्जैयनी,neither
फरीदकोट,neither
कपूर,neither
पुजते,neither
सैंपल,neither
मायावी,nepali-only
झुकोगे,neither
पढ़ा,neither
मुन्नू,neither
भूलिएगा।,neither
अविश्वास,nepali-only
मुगलों,neither
इनमे,neither
बाजरा,nepali-only
एवेन्यू,neither
पाकेट,nepali-only
जून,nepali-only
जल्द,neither
लावा,neither
भेजें,neither
वसूलने,neither
प्रॉब्लम,neither
चिया,nepali-only
मधुमेह,nepali-only
ख्व़ाब,neither
छरहरा,neither
पड़कर,neither
मेले,neither
निकालेंगे,neither
अग्न्याशय,neither
चाहा,neither
सादाब,neither
लगातार,nepali-only
भावों,neither
पूछना,neither
थूक,neither
धमाकों,neither
क्रुयेलिटी,neither
बुद्दु,neither
अवेयरनेस,neither
ममेरी,neither
आरएसएस,neither
बल्लियों,neither
भगीरथ,nepali-only
टूटा।,neither
खण्डों,neither
बन्दर,neither
ताक़त,neither
हैदराबाद,neither
कान्ट,neither
तुर्गनेव,neither
विरोधाभास।,nepali-only
वा,nepali-only
वि,neither
खिडकियों,neither
फ्रिट्ज,neither
आधिकारियों,neither
चारनान,neither
देस,neither
प्रतिभावान,neither
माइल्स,neither
रुलाया,neither
राजू,neither
यूनिवॢसटी,neither
सेकंड्स,neither
दीजिये,neither
बंकिम,neither
पाएँगे,neither
तालीम,neither
रजनीकांत,neither
साफ-सफाई,neither
सलमन,neither
देहरादून,nepali-only
शुध्द,nepali-only
पालकी,nepali-only
पीड़ा,neither
कलर,nepali-only
संपर्क,neither
हिलता,neither
कुतर्कों,neither
के-से,neither
अमेठी,neither
मॉ,neither
आधार,nepali-only
देखेगी,neither
ब्लैकमेल,neither
हे,nepali-only
सफेद,nepali-only
संस्थापक,neither
पवित्रता,neither
साधारण,nepali-only
उठाएंगे।,neither
रेलप्रेमी,neither
टीचर,neither
पेटेन्ट,nepali-only
बैड,neither
पूछा,neither
मुहब्बत,neither
नमन,nepali-only
पण्ड्या,neither
सकत,neither
ऊँचाइयां,neither
ढाई-तीन,neither
विरल,nepali-only
सुनिश्चित,neither
पंचवर्षीय,neither
बिन्दु,neither
धोखाधड़ी,neither
नेक,neither
माटी,neither
छिन्नमस्तिके,neither
बार,nepali-only
ग्रुप्स,neither
विनती,neither
पुकार,nepali-only
चढ़ाने,neither
फार्च्यून,neither
स्नातकोत्तर,nepali-only
बेनामी,nepali-only
कठघरे,neither
औपनिवेशिक,nepali-only
मंडल,neither
इस्तक्बाल,neither
चकाचक,nepali-only
पेपर,nepali-only
शरुआत,neither
ई-प्रशासन,neither
जंकफूड,neither
युगों,neither
मेंटली,neither
याज्ञसेनी,neither
कद,nepali-only
नगदी,neither
जन-प्रतिनिधियों,neither
झिंगन,neither
नम,neither
डेरेक,neither
सयानी,neither
अम्माजी,neither
पहुंचाएगा,neither
पाया,neither
बीत,neither
मनाई,neither
चाइल्ड,neither
हटने,neither
फेर-बदल,nepali-only
सुगोप,neither
साठगांठ,neither
आज्ञा,nepali-only
दूसराः,neither
चर्चाकार,neither
पूछें,neither
मालवीय,neither
फुटबाल,neither
वक़्फ़,neither
सर्टिफिकेट,nepali-only
अर्जित,nepali-only
घण्टे,nepali-only
कृतज्ञ,nepali-only
लाओ,neither
आरटीआई,neither
बगीचे,neither
बदन,neither
युंजन्ति,neither
जीवन्त,nepali-only
एशियाटिक,neither
ज़िन्दगी,neither
सितार,nepali-only
सुँदर,neither
अहम,neither
चोरी,nepali-only
प्रतियां,neither
वीएलएसआई,neither
पौन,neither
जीतने,neither
नॉट,neither
निगाह,nepali-only
पूछ,neither
गुजरेगी,neither
प्रतिवेदन,nepali-only
लुत्फ,neither
लिपट,neither
हवए,neither
डैस्कटाप,neither
केा,neither
कपड़ा,neither
रोटियाँ,neither
री,neither
रुम,nepali-only
खाते,nepali-only
भक्त्या,neither
समझती,neither
गुड़िया,neither
कड़वा,neither
मनुवादी,neither
रिकॉर्ड्स,neither
दुर्घटनाग्रस्त,neither
कैबॉस,neither
प्रकाशकाधीन,neither
माध्यमों,neither
बढ़ाएं।,neither
खौफजदा,neither
तवज्जो,neither
सोचा।,neither
विशिष्ट,nepali-only
जौहर,neither
दूध,nepali-only
रिवाज़,neither
भूखे,neither
निव्या,neither
अध्यक्षता,neither
रखेगी,neither
हरेश्वर,neither
आरोपियों,neither
वो,neither
आपत्ति,nepali-only
कहिये,neither
अनायास,nepali-only
भीम,nepali-only
तनिक,neither
प्रभावितों,neither
रहूँगा।,neither
वारंट,neither
सादे,neither
पीया,neither
संबंध्,neither
डिवाइन,neither
सम्मोहित,nepali-only
हमको,neither
भेजने,neither
बूढ़े,neither
कुत्ता,neither
सत्ता,nepali-only
बारें,neither
मिलिंद,neither
लैपटॉप,neither
स्कैम,neither
थिएटर,nepali-only
फ्लोर,neither
अस्त्वि,neither
ओस्लो,neither
जायका,neither
आग्रहों,neither
तलाष,neither
अनुषांगिक,neither
निवास,nepali-only
मामा,nepali-only
वेश्या,nepali-only
नश्तर,neither
चुके,neither
यात्री,nepali-only
गैरजरूरी,neither
जूठे,neither
लौरिया,neither
बैठा,neither
शिवजी,nepali-only
सालिक,nepali-only
गया।,nepali-only
मची,neither
बुराई,neither
पाटलिपुत्र,neither
अस्थिर,nepali-only
सपना,nepali-only
बचते,neither
शाल,neither
झ्र,neither
शती,neither
चाहोगे,neither
रंगरूप,neither
लबरेज,neither
लडकियों,neither
इंद्रियां,neither
बिठाकर,neither
में--जैसे,neither
इंतजार,neither
खिंचवाने,neither
प्रैस,neither
गुरुर्ब्रह्मा,neither
अयोग्यता,neither
निमन्त्रण,nepali-only
स्टील,neither
टोपी।,nepali-only
हाथों,neither
तामसी,nepali-only
उत्प्रेरक,neither
बेवकूफियों,neither
अभिव्यक्त,nepali-only
एक्टरों,neither
तेजसिंह,nepali-only
पंक्ति,neither
ब्रह्मगुप्त,neither
कईघ्बार,neither
मुस्लिमीन,neither
फ़ुलेले,neither
रबिया-उल-दौरानी,neither
समझता।,neither
बहु,nepali-only
परम्परागत,nepali-only
गलाकाट,neither
डाँग,neither
देवानंद,neither
महसूस,neither
सियार,neither
बेलटिकरीपटार,neither
निफ्टी,neither
जकडन,neither
देने,neither
मैनेजरों,neither
सेमेस्टर,neither
पुनर्विवाह,nepali-only
मनाया,neither
माँगी,neither
शामत,neither
मद्देनज़र,neither
फ़ैज़,neither
लज्जा,nepali-only
निषेध,nepali-only
जाओ,neither
हंगामा,neither
पाँव,neither
अंतरिक्षीय,neither
आयुर्विज्ञान,neither
सचेतक,neither
अदायगी,nepali-only
सेक्टर,nepali-only
चांदी,neither
त्रिकोणीय,neither
गायिकी,neither
द,neither
ओनर्स,neither
घटिया,nepali-only
सुझाए,neither
मिडीया,neither
सत,neither
पस्तौल,neither
शँका,neither
पियाजी,neither
सोच,nepali-only
वृन्दावन,nepali-only
रूह,neither
श्रेणी,nepali-only
ऊपर।,neither
लोग-बाग़,neither
वृंदावन,neither
अध्यात्मिक,neither
प्रोटीन,neither
आनलाइन,neither
नवरातों,neither
पलते,neither
हटान,neither
संक्षित,neither
पधारें,neither
कंट्रोलर,neither
धारायें,neither
८,numeral/punctuation
कबूल,neither
महावीर,nepali-only
भाभी,neither
दरवाजे,neither
धुँए,neither
हाइड्रोजन,nepali-only
टोटू,neither
करवाए,neither
रूग्ण,nepali-only
आदत,nepali-only
कशिश,neither
समीरलालजी,neither
बेकली,neither
चौबीस,nepali-only
स्टडीज,neither
पाचक,nepali-only
पूछो,neither
छम्मक्छल्लो,neither
चंदूलाल,neither
भिन्न-भिन्न,neither
झुकाने,neither
इतिहासविद्,nepali-only
अतः,nepali-only
मर्यादाओं,neither
मनोबल,nepali-only
विहीन,nepali-only
एफएमसीजी,neither
साबका,neither
ट्वीट,neither
नवंबर,neither
जायसवाल,neither
गतियों,neither
बलराम,nepali-only
अधिकतर,nepali-only
बताई।,neither
जगाने,neither
फीस,neither
उठवा,neither
बुलेटिन,nepali-only
आयडीन,neither
४०,numeral/punctuation
फहराया,neither
अपशकुन,nepali-only
टैक्सी,neither
टला,neither
जमींदार,neither
अस्थि,nepali-only
साउंड,neither
बंटा,neither
चमकाना,neither
उपकारी,nepali-only
बनवाया,neither
कंडोम,neither
ब्रह्मचारी,neither
सख्ती,neither
नाहटा,neither
तादात्म्य,neither
चोपड़ा,neither
एकांगी,neither
नटवर,nepali-only
सुभाष,nepali-only
धड़ल्ले,neither
गीला,neither
मिटेगी,neither
पालिका,neither
बेइज़्ज़त,neither
लेखनी,nepali-only
ऑफ,neither
पंखुड़ियां,neither
महाभारत,nepali-only
स्थिती,neither
संचालक,neither
नजर,nepali-only
कराएगी।,neither
निराली,neither
लगे,neither
गोल-गोल,neither
बैकग्राउण्ड,neither
कहानीकार,neither
वेलेंटाइन,neither
एक-डेढ़,neither
किरकिरी,nepali-only
ग्राह्य,nepali-only
बेच,neither
बॅाम्बे,neither
आवागमन,nepali-only
हल्दीराम,neither
उठते,neither
शब्दावली,nepali-only
फैला,neither
खाली,nepali-only
गंवई,neither
चन्द्रघन्टा,neither
खाधान्न,neither
साही,nepali-only
विरुद्ध,nepali-only
हॉकिन्स,neither
दण्ड,nepali-only
गोतिए,neither
बेज़ुबान,neither
इस्कन्द्रियः,neither
लड़ने,neither
मेढ़क,neither
शीघ्र,nepali-only
सजसंवर,neither
जाएँ।,neither
धार्मिकता,neither
लापरवाही,neither
आधीन,neither
अभ्यर्थियों,neither
सोचकर,neither
अपाइंटमैंट,neither
ठूंस,neither
स्वाद,nepali-only
भद्रे,neither
विडंबना,neither
सराहना,nepali-only
सम्यक्त्व,neither
संकर,neither
पत्नी,nepali-only
ऑपरेटिंग,neither
निभानी,neither
पेड़,neither
आढा,neither
छेड़े,neither
शर्मिष्ठा,neither
तुल्य,nepali-only
अतएव,nepali-only
कामनाएं।,neither
अपै्रल,neither
हरित,nepali-only
उदघाटन,neither
मेकर्स,neither
छोडऩे,neither
हांक,neither
कोन,neither
नज़र,neither
खेती-बाड़ी,neither
चलाती,neither
अदम्य,nepali-only
गाम्भीर्य,neither
प्रेमा,neither
नो,neither
सरपंच,neither
पॉलिसी,neither
३२,numeral/punctuation
यंत्र,neither
डरा,neither
नोरा,neither
उत्सव,nepali-only
वफ़ादार,neither
दशाॻ,neither
हिन्दुस्तानी,nepali-only
दमक,nepali-only
बेहतरीन,neither
क्रिया-कलाप,nepali-only
पूरिया,neither
मीडिया,neither
अस्पष्ट,nepali-only
मार्स,neither
मुड़े,neither
मान,nepali-only
खुशदीप,neither
जाँए,neither
रौशन,neither
खंजर,neither
रहनेवाले,neither
हार्दिक,nepali-only
मनाचाही,neither
नाचेगा,neither
पेरैंट,neither
वैकुण्ठ,nepali-only
उड़िया,neither
उपक्रम,nepali-only
में,neither
नौका,neither
जैक,neither
शहरों,neither
बीतते,neither
पहुँचें,neither
बुद्ध,nepali-only
प्रविष्टियां,neither
लौह,nepali-only
क्रेच,neither
जल्दी-जल्दी,neither
प्राचीन,nepali-only
उड़ेल,neither
मैथ्यू,neither
कत्ल,neither
देखना,neither
थरूर,neither
सिक्यूरिटी,neither
पेज,nepali-only
निजाम,neither
चेंज,neither
जैन,nepali-only
उद्विग्न,neither
नरहरपुर,neither
राशन,neither
लेन-देन,nepali-only
कत्लेआम,neither
विषम,nepali-only
ट्रैवलर,neither
अत्यन्त,nepali-only
समग्र,nepali-only
शर्त,neither
उठा।,neither
लश्कर,neither
अवंतिपुर,neither
नाता,nepali-only
बिताना,neither
हमसे।,neither
झनकू,neither
लड़की,neither
कण्ठे,nepali-only
जीडीपी,neither
आपदा,neither
जनकपुर,nepali-only
गोविंदम,neither
निलंबन,neither
रचनाकारों,neither
केक,nepali-only
अत्यधिक,nepali-only
लागत,nepali-only
वेश्यावृति,neither
अभिनेता,nepali-only
होनी,neither
बेताबी,neither
बढ़ाकर,neither
दांव,neither
तारिफ,nepali-only
सुविधानुसार,neither
बातें,neither
चीज़ें,neither
कामयाबी,neither
लक्षण,nepali-only
भलाई,neither
प्रोग्राम,nepali-only
धूपगढ़,neither
दाम,nepali-only
कलाकारों,neither
ङ्क्षसह,neither
चितौड़,neither
त्वचा,nepali-only
हृदेश,neither
सदी,nepali-only
निम्नलिखिल,neither
ली।,neither
दादासाहब,neither
ठेकेदार,nepali-only
कमबख्त,neither
तिवारी,nepali-only
राममनोहर,neither
स्वर्ग,nepali-only
गज़ल।,neither
अपनाना,neither
संभालता,neither
ऑफिसर,neither
चतुराई,neither
ग्लेशियर,neither
प्रतिद्वंदिता,neither
जुगनू,neither
बेहतरी,neither
चिक,neither
परोसना,neither
रास-मंडलियां,neither
फिक्ह,neither
प्रूफ़रीडर,neither
काउचबेस,neither
बहुत-से,neither
एन्क्रिप्टेड,neither
कीजियेगा,neither
हों,neither
फैक्स,neither
जीबन,neither
परित्याग,nepali-only
स्वातगान,neither
कपडे,neither
सामान्यत,neither
ग्यारह-साढे,neither
पृथ्वी,nepali-only
वीरप्पन,neither
कब,neither
एजेंडा,neither
एतद्द्वारा,neither
वारदातों,neither
झाड़ी,neither
दलों,neither
गड़करी,neither
ओले,neither
उड़ाने,neither
करियेगा,neither
दिखाएंगी,neither
मांगा,neither
देगी।,neither
चव्हाण,neither
माला,nepali-only
डूबी,neither
ग्रह,nepali-only
ज़िंदगी,neither
लपकता,neither
चीर-फाड़,neither
१८५७,numeral/punctuation
एशिया,neither
इसमें,neither
कमायी,neither
रहती,neither
शुदनी,neither
निकृष्ट,nepali-only
पाना,nepali-only
राह,nepali-only
नौबत,nepali-only
संवाददाता,nepali-only
ऐक्ट्रेस,neither
टेढ़ा,neither
उज्ज्वला,neither
डिब्बों,neither
फ़ुल्लम,neither
आंदेलन,neither
रहोगे,neither
ब्लैक,neither
सिंचाई,neither
सूची,nepali-only
जहमत,neither
सुनीता,neither
शोध-पद्धति,neither
लगायी।,neither
चुराई,neither
गानें,neither
क्युकी,neither
राधे,neither
मृतक,neither
सरकारों,neither
भूली,neither
राजर्षि,nepali-only
मंजूरी,neither
सहने,neither
आवभगत,neither
अलीशा,neither
अशोकजी,neither
लाद,neither
हत्या,nepali-only
परख,nepali-only
अमले,neither
विस्लिंग,neither
रूलदा,neither
दुखों,neither
बबल्स,neither
गलियारा,neither
पुस्तिका,nepali-only
आराम,nepali-only
चावेज,neither
घोषणा,nepali-only
कांस्टेबल,neither
फूलती,neither
अन्धे,neither
डेंटल,neither
इसीलिये,neither
प्रेमसिंह,neither
कावेरी,neither
महीनों,neither
विजेट,neither
हैंडलिंग,neither
ट्रेवल,neither
चयनित,neither
देखिये,neither
तृप्ति,nepali-only
पेशावर,neither
मानना,neither
कफ़न-दफन,neither
लायसेन्स,neither
भरते,neither
खोली,nepali-only
लार्ड,neither
बढिये,neither
यारसीनियनों,neither
अर्थव्यवस्था,nepali-only
बताइये,neither
निर्भरता,neither
दें,neither
संभाले,neither
जग,nepali-only
मत,nepali-only
राषट्रपति,neither
तोड़ना,neither
बिजी,neither
मध्यदिन,neither
ग़मों,neither
पसन्द,neither
मठ,nepali-only
वफादारी,neither
देखके,neither
सिल्क,neither
लगाव,nepali-only
यूँ,neither
गायों,neither
खुम्ब,neither
सुगंधित,neither
वोटरों,neither
राहुकाल,neither
पर्वत,nepali-only
समाते,neither
कार्यकलाप,neither
व्यापारियों,neither
फाल्के,neither
हँसी,neither
ग्राहक,nepali-only
ओजोन,neither
मध्ुकर,neither
स्नैपड्रैगन,neither
कन्फ्यूज,neither
बदल-बदल,neither
मधुकर,nepali-only
सपने,neither
अनुयाई,neither
नारद,nepali-only
बनायें,neither
बुखारी,neither
मत्स्य,neither
महासभा,nepali-only
अवश्य,nepali-only
इस्लामाबाद,neither
रहा।,neither
नोबल,neither
खूब,nepali-only
उमराव,neither
बांधती,neither
ख़ुद,neither
ईंट-पत्थर,neither
अन्नू,neither
बडे़,neither
मच,neither
तेज,nepali-only
सी-रीएक्टिव,neither
दोरसे,neither
फँसा,neither
भंसाली,neither
अपेक्षाकृत,nepali-only
मिलेंगे।,neither
मुहावरे,neither
दुसरी,neither
टकराते,neither
सुप्रीम,neither
यहाँ,nepali-only
खड्डे,neither
डीएवी,neither
डालता,neither
श्रीगंगानगर।,neither
टिड्डे,neither
मालिशिये,neither
इश्यू,neither
टालस्टाय,neither
रिटायर्ड,neither
बैलगाड़ी,neither
पकङकर,neither
आपको,neither
जायेंगे,neither
एकवारी,neither
मार्तंड,neither
नचिकेता,neither
तेजी,nepali-only
कच्ची,nepali-only
नमस्कार,nepali-only
नई,neither
मोबाइल,nepali-only
कायदा,nepali-only
मथक,neither
फ़ाल,neither
लिखूँ।,neither
लागू,nepali-only
पंजीकरण,neither
रिहाई,neither
हालात,neither
आंशिक,nepali-only
ज़रुरत,neither
आएंगे,neither
ज्यूडीशियल,neither
टुन्नू,neither
प्रमोट,neither
दो-तीन,neither
राजपुरा,neither
मृदुल,nepali-only
कोर्राम,neither
ठीका,neither
आह्लादित,nepali-only
औरत,neither
जाते।,neither
आधुनिकीकरण,neither
मुक्ता,neither
परियोजनाओं,neither
आर्सेनिक,neither
महत्वकांक्षा,neither
स्वप्न,nepali-only
हिचकोले,neither
झुक,neither
इन्वर्टेड,neither
श्रवण,nepali-only
बाल-बाल,neither
दोहराते,neither
तलचर,neither
अनुपम,nepali-only
एनर्जी,neither
ज्यादती,nepali-only
टोयोटा,neither
रोक,nepali-only
शैक्षिक,nepali-only
श्वांस,neither
पूर्वोत्तर,nepali-only
सरताज,neither
आबादी,nepali-only
बनवा,neither
धुन,nepali-only
आदर्श,nepali-only
कनैक्टिविटी,neither
वस्तुतः,nepali-only
बताता।,neither
प्रमुखता,neither
बम-विस्फोट,neither
रेफर,neither
इग्राह,neither
कार्यक्रम,nepali-only
ठहरी,neither
फ़ाक्स-प्रो,neither
मानवीयता,neither
शीत,nepali-only
बताईँ,neither
केदार,nepali-only
नम्बरदारी।,neither
बाप-बेटे,neither
मिलावट,nepali-only
तबादले,neither
सर्प,nepali-only
बैटरी,neither
धागो,nepali-only
मचाया,neither
मनीषियों,neither
मन्नाडे,neither
आ।,neither
महेन्द्र,nepali-only
चढा,neither
महफिल,neither
थीं,neither
मारते,neither
ध्वज,nepali-only
उल्लास,nepali-only
दीखता,neither
चमकती,neither
टॉपर,neither
नीतू,neither
किकबॉक्सिंग,neither
सूबा,neither
विद्यमान,nepali-only
कलाओ,neither
गड़ी,neither
उदारवादी,nepali-only
कार-प्रेमियों,neither
युक्त,nepali-only
मातृत्व,nepali-only
दवा,neither
म्यू,neither
लड़के-लड़कियां,neither
अर्ध,nepali-only
आर्किटेक्ट,neither
आपस,nepali-only
लटकाएं।,neither
रटने,neither
संवेदक,neither
कान,nepali-only
उतारे,neither
यंत्रणापूर्ण,neither
बृहस्पति,neither
तारांकित,neither
पराड़कर,neither
समर्पित,nepali-only
इंतेज़ार,neither
कूड़ा,neither
टिप्पणियाँ,neither
एआईआर,neither
कारको,neither
मेधा,nepali-only
दीवाली,neither
सीक्वल,neither
चुनाव,nepali-only
सोचेगा,neither
होण्डा,neither
दाउद,nepali-only
सतीश,neither
अर्ध्य,neither
बृहदकाय,neither
गर्दन।,nepali-only
दोहन,nepali-only
औषध,neither
गयीं।,neither
कोका,neither
बेखबर,nepali-only
प्रेमिका,neither
सम्प्रेषण,nepali-only
रुग्ण,neither
टेंशन,neither
भोपाल।,neither
कलाधिपति,neither
जनहित,nepali-only
जुनून,neither
पठान,nepali-only
लाला,neither
कोई-कोई,neither
बिंदू,neither
गरज,neither
ठप्पा,neither
चिल्लाओ,neither
रविकर,neither
औऱ,neither
रियायती,neither
क्षणिक,neither
मलखान,neither
व्यक्गित,neither
औगुन,neither
युवकों,neither
विवरण,nepali-only
नहिं,neither
आएंगे।,neither
पूर्वार्द्ध,neither
जुंग,neither
प्रारूपण,neither
फुड़वा,neither
कहानी।,nepali-only
अतुल्य,nepali-only
चर्चाएं,neither
मंगवाने,neither
बनाइए।,neither
सभ्यता,neither
खुशनुमा,neither
यश-लोलुपता,neither
फूटे,neither
सैल्यूलर,neither
बढ़ता,neither
विवाहित,nepali-only
मैन,nepali-only
पहुंचे।,neither
हेमंत,neither
दंडित,neither
रहेगे।,neither
भय,nepali-only
सिनेगीतों,neither
काँपने,neither
जलाओ।,neither
टांग,neither
बालकनी,neither
सामान्य,nepali-only
अनिकेत,neither
हफ्तों,neither
सिखा,neither
जीजू,neither
नुस्खों,neither
थाप,neither
यात्रायें,neither
पट्ठों,neither
जैसी,nepali-only
सीरियायी,neither
वेदियां,neither
फटाक,neither
पाओगे,neither
किनारी,neither
कानपुर,neither
अमर्त्य,nepali-only
क्हान,neither
विरूद्ध,neither
कड़क,neither
गुंजायमान,neither
बोले,neither
गंगा,neither
बरत,neither
सहज,nepali-only
पम्मी,neither
सोमवल्ली,neither
पुरजोर,neither
श्रमदान,nepali-only
स्त्रोतों,neither
बढ़ते,neither
एनओसी,neither
बोंसाई,neither
घनघोर,nepali-only
दासत्व,nepali-only
कमजोरी,nepali-only
ग्रामसभा,neither
उकसा,neither
इसपर,neither
पूर्ति,nepali-only
शहडोल,neither
पढ़ाई,neither
रोका।,neither
खोला,nepali-only
भांजते,neither
घेर,nepali-only
उठाते,neither
फाके,neither
नैसर्गिक,nepali-only
दिखने,neither
स्वम,neither
ओढ़ें,neither
शत्र्त,neither
रुष्ट,nepali-only
भीड,nepali-only
कॉलें,neither
पोतों,neither
टिका,neither
पोर्टेबिलिटी,neither
बढाना,neither
बाब,neither
लीड,neither
स्वतत्रता,neither
एसोसियेशन,neither
लिपिबद्ध,nepali-only
मूल्यवान,neither
पावरप्ले,neither
आयेंगे,neither
सहारे,neither
ग्रीक,nepali-only
मेरे,neither
गोरी,neither
महत्व,nepali-only
ढिबरी,neither
भिखारी,nepali-only
इठलाती,neither
पिल्लई,neither
श्रीलाल,neither
अस्त,nepali-only
औए,neither
मुक्तिदाता,neither
विजय,nepali-only
शोभन,neither
बोलते-बोलते,neither
रीढ़,neither
लाखों,neither
टुटूकंडी,neither
सर्वाधिकार,neither
बालूसाहीके,neither
जिंहोने,neither
आईपीएल,neither
स्थापना,nepali-only
धर्मवीर,neither
उम्मींद,neither
रिलेशनशिप,neither
सहायता,neither
बेल्ट,nepali-only
जय-जयकार,nepali-only
ब्लाग-पोस्ट,neither
चारू,nepali-only
कहानियों,neither
करवाया।,neither
शेखर,nepali-only
क्यूबा,neither
सोजने,neither
सहमत,nepali-only
नाक,nepali-only
दुर्लभ,nepali-only
अपहरण,nepali-only
लेय,neither
पढ़ाते,neither
कुदरत,neither
चौकन्ना,neither
त्रिधारा,neither
वृद्ध,nepali-only
फ़िर,neither
वारन्टो,neither
ज्यों-ज्यों,neither
प्राँत,neither
गरुड़,neither
डोम,nepali-only
बोएगे,neither
आदि,nepali-only
एहसास,neither
अन्ना,neither
पोशाकों,neither
कर्मठ,nepali-only
फ़्लैश,neither
गुना,neither
छिंज,neither
ज्योतिर्लिंगों,neither
पढो,neither
बज,neither
प्रवृति,neither
तरकीब,neither
धनोरा,neither
मेस,neither
सामाजीकरण,neither
लियोन,neither
तरीके़,neither
खिले।,neither
हमें,neither
सिल,nepali-only
तन्हा,neither
पढ़ेगा।,neither
सैकेंडरी,neither
पूछना।,neither
अनुदान,nepali-only
मकोड़ा,neither
सांठगांठ,neither
गयीं,neither
शहर,nepali-only
तंग्जेर,neither
गवाह,neither
गुफ्तगू,neither
जलालपुरा,neither
केजरीवाल,neither
दीवानापन,neither
एग्जाम,neither
महत्वाकाक्षाओं,neither
गांठि,neither
देवासो,neither
मदनवर्मन,neither
चीन,nepali-only
बनाएगें,neither
खिलवाड़,neither
आह,nepali-only
प्रासंगिकता,neither
एडिटिंग,neither
गांधी,neither
आबू,neither
ब्रह्माण्ड,nepali-only
पिल,neither
प्रत्यक्षदर्शी,neither
पुन,nepali-only
छत्रपति,neither
शाति,neither
विक्षिप्तता,nepali-only
तापमान,nepali-only
अनंत,neither
जसवन्त,neither
कैलाशगिरि,neither
दूँ,neither
रुग्णता,neither
मुस्लिम,nepali-only
आतीं,neither
भक्षक,nepali-only
साँस,neither
चाइना,neither
संदेहमुक्त,neither
राजगढ,nepali-only
संक्रमित,neither
बाक़ी,neither
सुविधाओं,neither
दबंगों,neither
उत्प्रेक्षा,nepali-only
कच्चा,nepali-only
कपड़े-लत्तों,neither
लगा।,neither
यौन,nepali-only
मोटरसाइकिल,neither
भावनाओं,neither
दिये,neither
त्रणमूल,neither
सँभाल,nepali-only
काढै,neither
सूर्यवंशी,neither
कोशिशों,neither
दुश्मन,neither
छोड़ा,neither
लॉड,neither
विजयनगर,nepali-only
वरन्,nepali-only
चरवाहे,neither
निचोड़,neither
ठानी।,nepali-only
संकोच,neither
भेष,nepali-only
महेश,nepali-only
डब्बा,nepali-only
निकालेगा,neither
कांच,neither
प्राचीनं,neither
फैंस,neither
बिट,nepali-only
सलाहों,neither
अलेक्जेंडर,neither
एलआईसी,neither
झेलना,neither
चुराने,neither
आश्रित,nepali-only
मूर्खतापूर्ण,neither
छालों,neither
आलस,nepali-only
टाइपिंग,neither
लूटा।,neither
हमले,neither
कुर्यात्,neither
सुमित,neither
कल्किआन,neither
राज्य,nepali-only
लगी,neither
गतिविधियों,neither
लेख,nepali-only
आविष्कार,nepali-only
सहनशील,neither
कैरल,neither
पेंटिंग,neither
मुठ्ठी,nepali-only
छुईपाली,neither
आत्महनन,neither
सक्रिय,nepali-only
मसला,nepali-only
कालोनाइजर,neither
सेमी-फॉर्मल,neither
झुका,neither
बनती,neither
योरोपियन,neither
चूरे,neither
चड्डा,neither
साम्राज्ञी,neither
बेहूदी,neither
पात,nepali-only
पीने,neither
दमकते,neither
जीवों,neither
बैद्य,neither
क्ली,neither
विधा,nepali-only
पकाती,neither
बुआ,neither
जानवरों,neither
साक्षर,nepali-only
आंका,neither
ढेर,neither
लगाई,neither
भाग्यसाली,neither
यूरोप,nepali-only
दौरा,nepali-only
भोकने,neither
डायलॉग,neither
प्रासंगिक,neither
आविर्भाव,nepali-only
सुधर,neither
झुकना,neither
प्रह्लाद,neither
एचडीआर,neither
बुल्गारिया,neither
नामुमकिन-सा,neither
शादी,neither
श्रोता,nepali-only
अगर,neither
मिल्की,neither
विंबलडन,neither
शेड्स,neither
दौड़ने,neither
कालेज,neither
बर्फ़,neither
पूअर्स,neither
विहिप,neither
बुर्ज,neither
कसी,neither
बरामदे,neither
उदाहरण,nepali-only
धॄतराष्ट्र,neither
उद्धेश्य,neither
प्रिंट,neither
एंगल,neither
सुसज्जित,nepali-only
राष्ट्रीय-सामाजिक,neither
दुनियादारी,neither
मिनिस्टर,neither
गुज़ारे,neither
हैवान,neither
एसआईपीआरआई,neither
सोतला,neither
खेलों,neither
कड़वी,neither
कमपोजिटर,neither
एकांकी,neither
अधिकृत,nepali-only
सकता,neither
९,numeral/punctuation
रामविलास,nepali-only
उच्छ्रंखल,neither
अलर्ट,neither
दंगाईयो,neither
घुट,neither
इन्साफ,nepali-only
सहभागिता,nepali-only
का,nepali-only
मंत्रीअमरमणी,neither
गॉस,neither
चुकाया,neither
जमेगा।,neither
विधियों,neither
दृषिट,neither
कतारों,neither
रटिंग,neither
वही,neither
पार्ट्स,neither
चंडीगढ़,neither
तात्या,neither
लड़ती,neither
किसका,neither
खरीददारों,neither
दिखे,neither
वर्षों,neither
सिनेमाघरों,neither
करूं।,neither
होमगार्ड,neither
बंधक,neither
दलाल,nepali-only
माहेश्वर,nepali-only
हरीश,neither
पसुवा,neither
चित्र,nepali-only
आत्मा,nepali-only
उल्लेखनीय,neither
अनाथ,nepali-only
हिंडाल्को,neither
खोलो,nepali-only
जूलियन,neither
संबोधि,neither
वर्कर,neither
बिसेसर,neither
अखंड-पाठ,neither
सही।,neither
स्वार्थ,neither
ह्यजफ्फिया-पप्पियांह्ण,neither
सियासी,neither
वाइपर,neither
जूझता,neither
हीरे,neither
मानवाधिकार,nepali-only
गौरवमयी,neither
दवाईयां,neither
बेसब्री,neither
जाड़ों,neither
उगल,neither
झंडाबरदार,neither
अनुप्रयोग,nepali-only
प्रहसन,nepali-only
बहस,nepali-only
एंगेज,neither
सुनामी,nepali-only
हलं,neither
सीडीओ,nepali-only
मूर्च्छा,nepali-only
भावनाहीन,neither
ऋषि,nepali-only
किस्से,neither
करेंइसे,neither
मारवा,neither
हें।,neither
प्राकृतिक,neither
बिस्तरों,neither
अंध,neither
वडनेरकर,neither
कैग,neither
निर्णय,nepali-only
करे।,neither
श्री,nepali-only
पाठशाला,nepali-only
भ,neither
पीके,neither
मांस,neither
लुटती,neither
किसलिए,neither
ट्रैक,neither
दिला,neither
मिष्ठी,neither
स्वीकृत,nepali-only
चाहूँगा,neither
मानव,nepali-only
बवेजा,neither
ब्लागर,neither
पाए,neither
दुःख,nepali-only
उतावला,neither
अचर,nepali-only
उड़ने,neither
नग,neither
गजल,nepali-only
अन्यत्र,nepali-only
फ़ोन,neither
सिम,nepali-only
टाइमीय,neither
निर्गुन,neither
उधारकर्ता,neither
फेंकती,neither
लोकमंगल,neither
चूभ,neither
उड़ाऊ,neither
ब्रांडेड,neither
पुनर्जन्म,neither
अमृतसर,neither
रग्बी,neither
समाजिक,neither
भूजल,neither
दहशत,neither
समा,nepali-only
बातको,neither
ड्रैगन,neither
इच्छा-आकांक्षाओं,neither
जुटे,neither
बोला-मैँने,neither
प्राप्तर,neither
ध्यान,nepali-only
गोभी,neither
प्रार्थना,nepali-only
बेदख्ली,neither
लाना,neither
यहूदियों,neither
फॉर्म्युला,neither
बेटमा,neither
किले,neither
इन्द्रधनुषी,neither
सुथरा,neither
नीले,neither
सूफ़ी,neither
सालाना,nepali-only
मापदंड,neither
गुजारने,neither
अधीक्षक,nepali-only
पकड़े,neither
आगे-पीछे,neither
बाड़,neither
गोविंदा,neither
अँधेरा,neither
आपसे,neither
टकराई।,neither
केमिकल,nepali-only
बुद्धि,nepali-only
नालंदा,neither
टाऊ,neither
निर्धानों,neither
पत्न्यै,neither
एंड्राइड,neither
उत्तरार्द्ध,nepali-only
भैरू,neither
निर्ञाण,neither
बल्कि,nepali-only
धड़कन,neither
अंदाज,neither
अंट-शंट,neither
पे्रक्टिस,neither
देखूँगी,neither
अवसरों,neither
गैर-हिन्दू,neither
बलिया,neither
पोसने,neither
ज़फर,neither
उग्रवादीयों,neither
रोजी,nepali-only
शुक्र,nepali-only
सुर्खियाँ,neither
ङ्क्षचता,neither
जाने,neither
फासला,neither
आहार,nepali-only
अफ़सोस,neither
विचारोत्तेजक,neither
पैरी,neither
जोगिरा,neither
सीसोलाभाजपा,neither
जंतर-मंतर,neither
निपट,neither
विद्यानिवास,neither
रीति-रिवाज़,neither
बड़का,neither
निस्वार्थ,neither
पट्टा,nepali-only
एकमतेन,neither
मंदेर,neither
ज़माने,neither
नौजवानी,neither
कानून,neither
लड़के,neither
अंशु,nepali-only
पीपल,nepali-only
सम्वेदना,neither
खलवे,neither
निर्धारित,nepali-only
स्थिति,nepali-only
रोजगार,nepali-only
दरवाजो,neither
कूदकर,neither
मर्त्य,neither
ख़त्म,neither
साप्ताहिक,nepali-only
रसगन्ध्र्व,neither
भेजें।,neither
दिखलाना,neither
रेणु,nepali-only
२,numeral/punctuation
प्रवृत्ति,nepali-only
संझ,neither
ख़ैराबादी,neither
वेफ,neither
कुरैशी,neither
डिजाईन,neither
तोहमतें,neither
तोडना,neither
गाह्य,neither
शिल्पीजी,neither
चौरसिया,neither
ख़ैर,neither
आंचलिक,neither
सहयोग,nepali-only
हौली,neither
वध,nepali-only
आफ,neither
बर्बाद,neither
बच्चें,neither
तात्परता,neither
खुले,neither
करुणासम्पन्न,neither
तादेरे,neither
रेतीले,neither
शौकत,neither
नजऱ,neither
प्लेट,nepali-only
मेहतरानी,neither
भाजपा-कांग्रेस,neither
नौकरों,neither
भूलती,neither
ओवर,neither
रघुराज,neither
आँखे,nepali-only
धाँसू,neither
दनिश,neither
नकद,neither
शरीफ़,neither
मार्गो,neither
चीफ,nepali-only
पांव,neither
कृपण,nepali-only
पर्सेंट,neither
विघ्नहर्ता,neither
मध्यवर्ग,neither
बनारस,nepali-only
पहुंचाए,neither
मेलनउली,neither
वाल्मीकि,nepali-only
रुकिये,neither
वैल्यू,neither
अन्ततः,nepali-only
कराये,neither
साइटों,neither
इंजीनियर्स,neither
कांफेरेंस,neither
बढ़ा।,neither
चूर्ण।,nepali-only
रूपरेखा,nepali-only
बैरिस्टर,neither
मिलनी,neither
सूर्यास्त,nepali-only
अर्द्ववृत्त,neither
करिए,neither
लगीं।,neither
बसें,neither
खेती,nepali-only
जाहिद,neither
जीवन-यात्रा,nepali-only
लड़के,neither
दिखाओ,neither
अवर्णनीय,neither
अलगाना,neither
नाग,nepali-only
रिस्पेक्ट,neither
अंकन,neither
बेगूसराय,neither
जाग,neither
बाणसेन,neither
विदर्भ,neither
पत्थर,nepali-only
डिजायर,neither
मुख्य्,neither
मसूद,neither
एसडीजीएम्,neither
जोर-शोर,neither
पॼकारनुमा,neither
पण्डों,neither
टॉलीगंज,neither
आठ-दस,neither
ख़ाँ,neither
प्रणव,neither
पांडित्य,neither
प्रगाढ़ता,neither
उत्तपम,neither
गांवभर,neither
गजनवी,neither
शैतानियों,neither
द्विवेदी,neither
जोड़ी,neither
व्यास,nepali-only
स्वर्गीय,neither
पीछेपीछे,neither
कायम,nepali-only
कोटवार,neither
प्रकोप,nepali-only
मुहैया,neither
निरर्थक,nepali-only
घुड़सवारी,neither
रीमखोली,neither
भुज,nepali-only
सुखेण,neither
जार्गनग्रस्त,neither
ओरियण्टल,neither
लीडर।,neither
लिखे,neither
स्प्रे,neither
परचों,neither
जोड़ी,neither
हंगामे,neither
नूरपुर,neither
कश्मीर,neither
बजी।,neither
पकड़,neither
करें,neither
सहित,neither
इक्ष्वाकु,neither
अंडरस्टेटेड,neither
रहो,neither
सन्यास,nepali-only
हिन्दू-मुस्लिमों,neither
जेटी,neither
कहेगा,neither
हजम,nepali-only
वापिस,neither
हु,neither
निन्दित,nepali-only
आसन,nepali-only
न्याय,nepali-only
आक्रोशपूर्ण,neither
अटे,neither
रूकी,neither
रिटायरिंग,neither
अक्तूबर,neither
मध्यरात्रि,neither
सौ-डेढ़,neither
बसीं।,neither
व्यतित,neither
जॉय,neither
प्रशस्त,nepali-only
निष्कर्षतः,neither
गंध,neither
समाजसेवी,neither
खिलाती,neither
दाएँ,neither
पड़ा।,neither
यथार्थतः,neither
चिढ़ाया,neither
इसी,neither
क्लिक,neither
फ़र्ज़,neither
कुक,nepali-only
टेस्ट,nepali-only
प्रारंभिक,neither
क्वाँळजी,neither
कसा,neither
आपूर्ति,nepali-only
आद्य,nepali-only
रहा,neither
व्युत्क्रमानुपाती,neither
वृद्धि,nepali-only
कुष्ठ,neither
मित्रों,neither
उच्चारण,nepali-only
हेतु,nepali-only
अंगरेजी,neither
फील्ड,neither
कम्हरिया,neither
फ़त्तू,neither
नहीं-नहीं,neither
प्रमोद,nepali-only
फैलाने,neither
रुपए,neither
मूर,neither
चेतना,nepali-only
खानों,neither
कंधो,neither
दरजी,neither
बरसते,neither
योद्धा,nepali-only
टटोल,neither
लोहार,neither
मेहराब,neither
चार-छह,neither
कूद,neither
कहें,neither
जोब्स,neither
तपस्याजनित,neither
दशा-दिशा।,neither
खिलाडियों,neither
वेन्कटेशवर,neither
विश्लेषण,nepali-only
आया,nepali-only
जाता।,neither
इंगित,neither
निधियां,neither
टूर,neither
संवाददाताओं,neither
बीएस,neither
बुलंदी,neither
भूपेंद्र,neither
टकरा,neither
स्विटज़रलैण्ड,neither
बिदक,neither
अतिक्रांतिकारिता,neither
सीईओ,neither
डिबेट,neither
माइक्रोसाफ्ट,neither
ढाये,neither
द्वीप,nepali-only
नामवर,neither
दुःखी,nepali-only
मददगार,neither
प्रतिगामी,nepali-only
पहेली,nepali-only
गुण्डरदेही,neither
कार्प,neither
उर्स,neither
पूत,nepali-only
बल,nepali-only
मैं,neither
परमार,neither
न्यू,neither
शाहरुख,neither
राज,nepali-only
डोका,neither
प्रयोगकिया।,neither
भीषोण,neither
देवस्थलों,neither
राजेयाना,neither
पुष्कर,nepali-only
तीव्र,nepali-only
द्विपक्षीय,neither
निर्जन,nepali-only
दुपहिया,neither
सँसद,neither
नवल,neither
फाटक,neither
मैक्सिम,neither
परोस,neither
गये,neither
थें।,neither
दक्षिणा,nepali-only
प्रज्ज्वलित,neither
जैसे-जैसे,neither
गोगोल,neither
हाथो,neither
पोलैण्ड,neither
भावनाएं,neither
चैथी,neither
जाना-माना,neither
होरीलाल,neither
आत्मनिर्भर,nepali-only
पितृपक्ष,neither
कारनामा,neither
अब,nepali-only
मनरंजन,neither
शाप,neither
पुत,neither
पुलस्त्य,neither
जगाती,neither
सक्सेना,neither
छोटे-छोटे,neither
इंधन,neither
२मीटर,neither
बौद्धिक,nepali-only
मान्यताएं,neither
भोले,neither
संबद्धता,neither
अदर्स,neither
केशरी,nepali-only
मनवाने,neither
गंवाओ,neither
नागपुर,neither
स्वरूपानंद,neither
हुसैन,neither
मीलों,neither
देनदारियां,neither
नियमित,nepali-only
ठण्ड,neither
प्रशिक्षुओं,neither
अम्ल,nepali-only
वैशिष्ट्य,neither
तैरती,neither
वाइस,neither
ऎसा,neither
हल्की,neither
बढ़ाएँगे,neither
आदर्शों,neither
आउटर,neither
उठेगा,neither
कोचिंग,neither
आ॓र,neither
हरिभूमि,neither
नियत,nepali-only
हैपैटाइटिस,neither
इन,neither
एतना,neither
त्रस्त,neither
तेवर,neither
झड़ने,neither
साढ़े,neither
धुर्लीपार्ली,neither
तमाशा,neither
प्रसारित,nepali-only
न्यायरूपी,neither
क्षेत्रीय,neither
पैमाना,neither
कउन,neither
हड़बड़ाहट,neither
हडसन,neither
फर्टीलाइजर,neither
हास्य,nepali-only
अनशन,nepali-only
गाइड,nepali-only
साये,neither
घटनाएं,neither
डॉट,neither
यूनाइटेड,neither
डिग्रियों,neither
कुन्द,nepali-only
अठारह,neither
स्केण्डीनेवियन,neither
खुदरा,neither
चालाकी,neither
भिजवाना।,neither
सरगुजा,neither
रहिए,neither
स्ट्रोक,neither
रेव,neither
शौक़,neither
हमदर्दी,neither
समकक्ष,neither
दुर्भिक्ष,neither
तलीं,neither
मुझमें,neither
अभी-अभी,neither
घटक,nepali-only
आकर्षक,nepali-only
कहलाती,neither
धंसते,neither
कुंजी,neither
कालेपन,neither
पहलुओं,neither
तीनो,neither
साऊथ,neither
लालपरी,neither
रचनाएँ,neither
मिलेगी।,neither
सह,nepali-only
मोटापा,neither
संगीता,neither
ऐलान,neither
आँखें,neither
आज़ादी,neither
पीहर,neither
बलात्कारियों,neither
छुपकर,neither
सकलो,neither
सेठजी,neither
डियोनोसियस,neither
मैत्रेयी,neither
नेकनीयती,neither
दयावंत,neither
जाता,neither
कालाबाजारी,neither
नामचीन,neither
वर्जित,nepali-only
शस्त्र,nepali-only
पूज्यनीय,neither
प्रवेश,nepali-only
इंटर,neither
कैल्सियम,neither
एडवांस्ड,neither
मैनेजर,neither
दुष्प्रभाव,nepali-only
नायाब,neither
विवशताएं,neither
मुलसमानी,neither
अलसाए,neither
दरख्तों,neither
पत्ते,neither
स्पेशलाइजेशन,neither
नवरात्र,neither
बासोपट्टी,neither
गलाने,neither
परिजन,neither
स्वास,nepali-only
तलाक,nepali-only
कीमत,neither
आवश्यकतऐं,neither
झगड़ा,neither
प्लाजमा,neither
अध्यक्ष,nepali-only
उज्ञल्तऌार,neither
विद्यार्थी,nepali-only
कडाबीन,neither
हिटलरशाही,neither
कटती,neither
पेसी,nepali-only
दस्तावेज़,neither
जर्नी,neither
खंडहर,neither
आहुति,nepali-only
पेचीदा,neither
गौतमी,neither
ऋतु,nepali-only
अध्येताओं,neither
मोदी,nepali-only
माँ-बेटी,neither
योगेश,nepali-only
कराया।,neither
अनुराधा,nepali-only
दां।,neither
छोड़कर,neither
परिचालित,nepali-only
मुसलमान,nepali-only
परवाह,neither
जुर्माने,neither
प्रतिशत।,nepali-only
